person_id,center_id,td,rcs,phs
P0000,C00,38.7,partially_blocked,none
P0000,C01,2.13,partially_blocked,minor
P0000,C02,33.0,clear,minor
P0000,C03,25.18,partially_blocked,extreme
P0000,C04,17.95,partially_blocked,significant
P0000,C05,8.99,blocked,none
P0000,C06,20.4,partially_blocked,minor
P0000,C07,32.29,blocked,none
P0000,C08,12.08,partially_blocked,none
P0000,C09,19.44,blocked,none
P0001,C00,13.0,clear,moderate
P0001,C01,7.96,partially_blocked,minor
P0001,C02,8.66,clear,none
P0001,C03,16.9,clear,significant
P0001,C04,13.38,partially_blocked,moderate
P0001,C05,14.6,clear,significant
P0001,C06,5.35,partially_blocked,none
P0001,C07,27.26,partially_blocked,significant
P0001,C08,39.35,blocked,moderate
P0001,C09,64.46,clear,minor
P0002,C00,26.76,partially_blocked,none
P0002,C01,12.29,clear,minor
P0002,C02,8.17,clear,minor
P0002,C03,9.58,clear,minor
P0002,C04,21.05,clear,none
P0002,C05,29.84,blocked,significant
P0002,C06,18.03,clear,moderate
P0002,C07,8.03,clear,minor
P0002,C08,23.24,clear,none
P0002,C09,20.55,clear,none
P0003,C00,37.24,clear,moderate
P0003,C01,19.44,clear,minor
P0003,C02,24.99,clear,minor
P0003,C03,55.7,partially_blocked,moderate
P0003,C04,19.83,clear,none
P0003,C05,34.29,clear,none
P0003,C06,62.44,clear,none
P0003,C07,8.27,partially_blocked,moderate
P0003,C08,57.74,clear,none
P0003,C09,26.54,partially_blocked,none
P0004,C00,33.4,partially_blocked,none
P0004,C01,43.0,clear,moderate
P0004,C02,23.59,clear,significant
P0004,C03,45.31,blocked,minor
P0004,C04,4.63,clear,none
P0004,C05,2.98,clear,minor
P0004,C06,54.78,clear,minor
P0004,C07,27.0,clear,moderate
P0004,C08,5.41,clear,moderate
P0004,C09,27.2,partially_blocked,minor
P0005,C00,17.87,blocked,none
P0005,C01,10.81,clear,none
P0005,C02,37.02,partially_blocked,moderate
P0005,C03,17.24,partially_blocked,minor
P0005,C04,8.17,partially_blocked,none
P0005,C05,30.21,clear,none
P0005,C06,45.13,clear,none
P0005,C07,29.27,clear,none
P0005,C08,15.2,partially_blocked,moderate
P0005,C09,67.19,clear,minor
P0006,C00,31.36,partially_blocked,minor
P0006,C01,21.79,clear,moderate
P0006,C02,29.32,partially_blocked,significant
P0006,C03,15.66,partially_blocked,moderate
P0006,C04,2.0,blocked,moderate
P0006,C05,10.04,blocked,none
P0006,C06,9.27,clear,moderate
P0006,C07,56.34,partially_blocked,none
P0006,C08,50.01,clear,none
P0006,C09,16.15,clear,moderate
P0007,C00,18.19,clear,significant
P0007,C01,8.46,clear,minor
P0007,C02,26.82,clear,none
P0007,C03,32.12,clear,none
P0007,C04,38.39,partially_blocked,none
P0007,C05,16.63,blocked,none
P0007,C06,23.09,clear,moderate
P0007,C07,23.49,partially_blocked,none
P0007,C08,16.18,blocked,none
P0007,C09,43.55,clear,minor
P0008,C00,40.96,clear,moderate
P0008,C01,2.0,blocked,none
P0008,C02,23.82,partially_blocked,minor
P0008,C03,2.0,clear,moderate
P0008,C04,40.47,partially_blocked,minor
P0008,C05,25.63,clear,minor
P0008,C06,57.04,partially_blocked,moderate
P0008,C07,22.51,partially_blocked,minor
P0008,C08,38.99,partially_blocked,significant
P0008,C09,8.63,blocked,none
P0009,C00,22.13,clear,minor
P0009,C01,11.57,blocked,significant
P0009,C02,22.62,partially_blocked,none
P0009,C03,2.0,partially_blocked,moderate
P0009,C04,17.86,partially_blocked,minor
P0009,C05,29.19,partially_blocked,significant
P0009,C06,16.27,partially_blocked,significant
P0009,C07,8.5,partially_blocked,none
P0009,C08,21.83,partially_blocked,minor
P0009,C09,24.56,clear,minor
P0010,C00,25.15,clear,none
P0010,C01,11.75,blocked,none
P0010,C02,36.56,blocked,none
P0010,C03,66.64,clear,none
P0010,C04,25.75,partially_blocked,extreme
P0010,C05,55.57,clear,none
P0010,C06,8.55,blocked,moderate
P0010,C07,13.29,partially_blocked,minor
P0010,C08,42.79,clear,significant
P0010,C09,20.33,partially_blocked,minor
P0011,C00,13.6,clear,none
P0011,C01,41.76,blocked,minor
P0011,C02,37.57,clear,significant
P0011,C03,2.0,clear,minor
P0011,C04,68.15,clear,extreme
P0011,C05,6.15,clear,moderate
P0011,C06,39.3,clear,minor
P0011,C07,51.13,partially_blocked,none
P0011,C08,15.82,clear,minor
P0011,C09,32.63,clear,significant
P0012,C00,37.27,partially_blocked,minor
P0012,C01,38.31,partially_blocked,minor
P0012,C02,7.09,partially_blocked,minor
P0012,C03,49.54,partially_blocked,minor
P0012,C04,40.74,blocked,none
P0012,C05,14.77,clear,none
P0012,C06,11.63,blocked,none
P0012,C07,16.06,blocked,extreme
P0012,C08,2.0,clear,moderate
P0012,C09,4.59,partially_blocked,extreme
P0013,C00,24.33,blocked,none
P0013,C01,9.33,partially_blocked,minor
P0013,C02,37.02,clear,extreme
P0013,C03,13.74,partially_blocked,minor
P0013,C04,54.26,clear,moderate
P0013,C05,37.5,partially_blocked,moderate
P0013,C06,20.44,partially_blocked,extreme
P0013,C07,15.61,clear,none
P0013,C08,42.86,blocked,none
P0013,C09,30.35,blocked,minor
P0014,C00,12.89,clear,none
P0014,C01,6.48,clear,none
P0014,C02,10.6,partially_blocked,significant
P0014,C03,15.52,partially_blocked,moderate
P0014,C04,22.72,clear,moderate
P0014,C05,51.7,partially_blocked,none
P0014,C06,33.16,partially_blocked,significant
P0014,C07,42.67,blocked,none
P0014,C08,47.74,clear,none
P0014,C09,32.72,partially_blocked,minor
P0015,C00,34.94,clear,moderate
P0015,C01,15.41,clear,none
P0015,C02,33.52,partially_blocked,moderate
P0015,C03,22.21,clear,none
P0015,C04,21.28,blocked,extreme
P0015,C05,7.21,partially_blocked,extreme
P0015,C06,17.87,partially_blocked,minor
P0015,C07,20.92,partially_blocked,significant
P0015,C08,44.1,clear,significant
P0015,C09,22.27,partially_blocked,extreme
P0016,C00,17.04,clear,none
P0016,C01,8.42,partially_blocked,none
P0016,C02,30.94,clear,significant
P0016,C03,32.18,partially_blocked,significant
P0016,C04,28.07,clear,minor
P0016,C05,16.15,blocked,moderate
P0016,C06,8.96,partially_blocked,minor
P0016,C07,38.57,clear,none
P0016,C08,37.09,partially_blocked,minor
P0016,C09,13.08,partially_blocked,significant
P0017,C00,86.32,clear,none
P0017,C01,35.54,clear,minor
P0017,C02,17.98,clear,none
P0017,C03,26.95,partially_blocked,none
P0017,C04,21.97,partially_blocked,minor
P0017,C05,65.38,partially_blocked,moderate
P0017,C06,14.25,partially_blocked,minor
P0017,C07,2.29,clear,significant
P0017,C08,67.19,clear,none
P0017,C09,8.08,partially_blocked,minor
P0018,C00,15.38,clear,none
P0018,C01,16.61,blocked,minor
P0018,C02,40.67,clear,none
P0018,C03,38.8,clear,none
P0018,C04,22.87,clear,significant
P0018,C05,15.75,partially_blocked,minor
P0018,C06,49.34,partially_blocked,moderate
P0018,C07,9.28,partially_blocked,none
P0018,C08,27.71,partially_blocked,moderate
P0018,C09,32.38,partially_blocked,moderate
P0019,C00,35.31,clear,minor
P0019,C01,16.43,partially_blocked,none
P0019,C02,14.29,partially_blocked,none
P0019,C03,62.52,blocked,moderate
P0019,C04,12.4,clear,none
P0019,C05,30.87,partially_blocked,moderate
P0019,C06,10.05,clear,minor
P0019,C07,18.81,clear,minor
P0019,C08,20.1,partially_blocked,moderate
P0019,C09,17.25,clear,significant
P0020,C00,44.32,partially_blocked,moderate
P0020,C01,24.16,clear,moderate
P0020,C02,58.6,partially_blocked,none
P0020,C03,4.81,partially_blocked,moderate
P0020,C04,11.98,partially_blocked,moderate
P0020,C05,44.18,partially_blocked,minor
P0020,C06,29.53,blocked,moderate
P0020,C07,21.87,partially_blocked,moderate
P0020,C08,22.3,clear,minor
P0020,C09,88.42,partially_blocked,minor
P0021,C00,55.82,clear,moderate
P0021,C01,15.38,clear,significant
P0021,C02,10.25,clear,significant
P0021,C03,23.5,clear,none
P0021,C04,34.66,clear,significant
P0021,C05,26.97,clear,none
P0021,C06,28.94,blocked,moderate
P0021,C07,28.89,clear,significant
P0021,C08,15.86,blocked,moderate
P0021,C09,19.33,partially_blocked,moderate
P0022,C00,17.0,partially_blocked,minor
P0022,C01,67.82,partially_blocked,none
P0022,C02,6.47,clear,none
P0022,C03,22.61,partially_blocked,moderate
P0022,C04,51.27,blocked,none
P0022,C05,25.09,blocked,none
P0022,C06,33.86,clear,significant
P0022,C07,20.53,partially_blocked,extreme
P0022,C08,13.44,clear,moderate
P0022,C09,33.44,partially_blocked,moderate
P0023,C00,12.87,clear,none
P0023,C01,3.5,clear,minor
P0023,C02,15.05,blocked,moderate
P0023,C03,8.52,clear,none
P0023,C04,43.51,clear,minor
P0023,C05,31.85,clear,extreme
P0023,C06,15.89,partially_blocked,moderate
P0023,C07,21.88,partially_blocked,moderate
P0023,C08,15.97,clear,none
P0023,C09,31.37,blocked,none
P0024,C00,68.04,clear,significant
P0024,C01,19.86,blocked,none
P0024,C02,88.41,clear,minor
P0024,C03,14.46,blocked,minor
P0024,C04,42.51,partially_blocked,moderate
P0024,C05,38.1,partially_blocked,significant
P0024,C06,14.97,partially_blocked,none
P0024,C07,19.68,clear,none
P0024,C08,11.59,clear,significant
P0024,C09,34.42,clear,none
P0025,C00,24.36,partially_blocked,none
P0025,C01,18.23,clear,minor
P0025,C02,4.53,clear,moderate
P0025,C03,18.64,clear,minor
P0025,C04,20.82,clear,minor
P0025,C05,25.33,partially_blocked,none
P0025,C06,23.12,clear,moderate
P0025,C07,2.74,partially_blocked,extreme
P0025,C08,32.04,clear,minor
P0025,C09,19.45,partially_blocked,none
P0026,C00,22.06,clear,none
P0026,C01,70.18,partially_blocked,moderate
P0026,C02,4.96,blocked,none
P0026,C03,11.79,partially_blocked,none
P0026,C04,5.45,blocked,minor
P0026,C05,2.32,clear,extreme
P0026,C06,35.37,clear,none
P0026,C07,8.9,partially_blocked,minor
P0026,C08,25.91,partially_blocked,moderate
P0026,C09,18.46,clear,significant
P0027,C00,15.16,clear,none
P0027,C01,19.39,clear,none
P0027,C02,62.56,partially_blocked,minor
P0027,C03,18.06,partially_blocked,none
P0027,C04,25.31,partially_blocked,minor
P0027,C05,40.3,clear,minor
P0027,C06,31.72,partially_blocked,significant
P0027,C07,16.1,partially_blocked,moderate
P0027,C08,20.42,clear,minor
P0027,C09,24.29,blocked,none
P0028,C00,31.7,partially_blocked,extreme
P0028,C01,13.57,blocked,moderate
P0028,C02,35.6,partially_blocked,minor
P0028,C03,59.56,partially_blocked,moderate
P0028,C04,11.07,clear,minor
P0028,C05,18.93,blocked,none
P0028,C06,44.5,partially_blocked,moderate
P0028,C07,22.7,clear,moderate
P0028,C08,31.66,blocked,none
P0028,C09,13.42,partially_blocked,minor
P0029,C00,25.42,clear,significant
P0029,C01,2.0,clear,minor
P0029,C02,2.85,clear,none
P0029,C03,21.47,partially_blocked,minor
P0029,C04,21.88,partially_blocked,minor
P0029,C05,10.74,clear,minor
P0029,C06,21.26,clear,moderate
P0029,C07,11.91,blocked,extreme
P0029,C08,19.98,clear,minor
P0029,C09,30.67,partially_blocked,none
P0030,C00,17.89,partially_blocked,moderate
P0030,C01,28.32,blocked,minor
P0030,C02,38.76,clear,none
P0030,C03,86.27,blocked,minor
P0030,C04,4.88,partially_blocked,none
P0030,C05,33.07,partially_blocked,significant
P0030,C06,64.84,clear,moderate
P0030,C07,20.16,partially_blocked,moderate
P0030,C08,25.68,clear,significant
P0030,C09,15.92,partially_blocked,significant
P0031,C00,6.69,blocked,moderate
P0031,C01,53.71,clear,none
P0031,C02,32.16,partially_blocked,moderate
P0031,C03,44.52,blocked,minor
P0031,C04,19.36,blocked,minor
P0031,C05,5.23,blocked,minor
P0031,C06,27.44,blocked,significant
P0031,C07,24.26,partially_blocked,minor
P0031,C08,32.39,partially_blocked,moderate
P0031,C09,17.8,clear,moderate
P0032,C00,48.88,partially_blocked,minor
P0032,C01,12.27,clear,minor
P0032,C02,34.76,clear,moderate
P0032,C03,63.82,partially_blocked,minor
P0032,C04,9.42,partially_blocked,extreme
P0032,C05,40.37,clear,extreme
P0032,C06,9.08,partially_blocked,minor
P0032,C07,2.0,partially_blocked,minor
P0032,C08,51.14,clear,significant
P0032,C09,10.34,clear,minor
P0033,C00,37.15,partially_blocked,none
P0033,C01,28.21,clear,none
P0033,C02,16.34,clear,significant
P0033,C03,40.59,partially_blocked,none
P0033,C04,31.06,partially_blocked,moderate
P0033,C05,58.64,clear,none
P0033,C06,6.2,clear,minor
P0033,C07,38.8,blocked,minor
P0033,C08,5.22,clear,minor
P0033,C09,10.43,clear,none
P0034,C00,25.94,clear,none
P0034,C01,45.74,partially_blocked,minor
P0034,C02,19.0,partially_blocked,significant
P0034,C03,25.63,blocked,minor
P0034,C04,2.0,partially_blocked,moderate
P0034,C05,33.94,partially_blocked,none
P0034,C06,3.04,partially_blocked,extreme
P0034,C07,2.0,partially_blocked,significant
P0034,C08,47.31,clear,none
P0034,C09,30.62,clear,minor
P0035,C00,54.35,clear,minor
P0035,C01,62.54,blocked,extreme
P0035,C02,21.47,partially_blocked,none
P0035,C03,50.02,clear,moderate
P0035,C04,26.35,clear,none
P0035,C05,27.64,clear,extreme
P0035,C06,42.3,clear,significant
P0035,C07,25.68,clear,none
P0035,C08,30.87,clear,minor
P0035,C09,38.08,partially_blocked,minor
P0036,C00,24.53,clear,minor
P0036,C01,26.2,blocked,none
P0036,C02,15.82,clear,minor
P0036,C03,20.57,partially_blocked,none
P0036,C04,67.09,clear,moderate
P0036,C05,11.15,partially_blocked,minor
P0036,C06,6.15,clear,none
P0036,C07,42.37,clear,minor
P0036,C08,5.3,clear,significant
P0036,C09,24.19,partially_blocked,extreme
P0037,C00,12.4,clear,minor
P0037,C01,45.18,clear,minor
P0037,C02,44.84,partially_blocked,none
P0037,C03,16.19,partially_blocked,moderate
P0037,C04,69.02,clear,minor
P0037,C05,22.49,clear,significant
P0037,C06,29.75,clear,none
P0037,C07,30.33,clear,minor
P0037,C08,3.83,partially_blocked,moderate
P0037,C09,29.68,partially_blocked,none
P0038,C00,34.16,partially_blocked,moderate
P0038,C01,59.64,partially_blocked,minor
P0038,C02,54.69,clear,none
P0038,C03,35.23,partially_blocked,minor
P0038,C04,18.89,partially_blocked,significant
P0038,C05,13.85,partially_blocked,minor
P0038,C06,9.42,blocked,minor
P0038,C07,6.15,clear,moderate
P0038,C08,51.89,blocked,none
P0038,C09,33.04,partially_blocked,none
P0039,C00,45.25,clear,minor
P0039,C01,20.15,partially_blocked,moderate
P0039,C02,56.03,partially_blocked,none
P0039,C03,30.85,partially_blocked,extreme
P0039,C04,21.53,blocked,none
P0039,C05,31.27,clear,minor
P0039,C06,28.91,partially_blocked,moderate
P0039,C07,27.63,partially_blocked,minor
P0039,C08,63.52,partially_blocked,moderate
P0039,C09,36.85,partially_blocked,none
P0040,C00,40.37,partially_blocked,none
P0040,C01,16.58,clear,minor
P0040,C02,32.5,clear,minor
P0040,C03,7.6,partially_blocked,significant
P0040,C04,38.4,partially_blocked,none
P0040,C05,39.64,partially_blocked,significant
P0040,C06,24.84,clear,minor
P0040,C07,12.87,blocked,none
P0040,C08,39.1,clear,minor
P0040,C09,48.25,partially_blocked,moderate
P0041,C00,74.74,clear,none
P0041,C01,15.25,blocked,none
P0041,C02,12.99,partially_blocked,minor
P0041,C03,69.15,clear,none
P0041,C04,9.58,partially_blocked,moderate
P0041,C05,6.17,clear,none
P0041,C06,44.33,clear,none
P0041,C07,13.57,clear,moderate
P0041,C08,15.83,clear,none
P0041,C09,57.09,partially_blocked,none
P0042,C00,26.51,clear,moderate
P0042,C01,13.1,clear,minor
P0042,C02,65.69,blocked,moderate
P0042,C03,38.92,clear,minor
P0042,C04,35.42,partially_blocked,moderate
P0042,C05,3.96,clear,minor
P0042,C06,14.47,partially_blocked,minor
P0042,C07,38.86,partially_blocked,extreme
P0042,C08,34.46,partially_blocked,none
P0042,C09,22.84,clear,none
P0043,C00,51.98,clear,moderate
P0043,C01,18.56,partially_blocked,none
P0043,C02,2.0,partially_blocked,moderate
P0043,C03,6.57,partially_blocked,none
P0043,C04,22.47,clear,none
P0043,C05,34.11,blocked,moderate
P0043,C06,32.03,clear,moderate
P0043,C07,16.49,partially_blocked,minor
P0043,C08,19.52,partially_blocked,moderate
P0043,C09,4.68,clear,minor
P0044,C00,32.35,clear,none
P0044,C01,2.78,blocked,extreme
P0044,C02,17.16,partially_blocked,minor
P0044,C03,11.57,clear,minor
P0044,C04,21.5,clear,none
P0044,C05,25.13,clear,none
P0044,C06,19.87,clear,minor
P0044,C07,4.44,clear,minor
P0044,C08,5.26,clear,minor
P0044,C09,9.32,clear,minor
P0045,C00,36.23,partially_blocked,moderate
P0045,C01,44.08,partially_blocked,none
P0045,C02,34.97,clear,none
P0045,C03,20.47,partially_blocked,none
P0045,C04,2.0,clear,none
P0045,C05,35.37,partially_blocked,minor
P0045,C06,39.84,blocked,significant
P0045,C07,42.0,clear,none
P0045,C08,5.37,partially_blocked,moderate
P0045,C09,67.13,clear,extreme
P0046,C00,25.01,clear,moderate
P0046,C01,42.12,clear,none
P0046,C02,49.81,clear,minor
P0046,C03,4.27,partially_blocked,significant
P0046,C04,25.11,partially_blocked,significant
P0046,C05,78.81,blocked,moderate
P0046,C06,46.2,clear,extreme
P0046,C07,15.47,partially_blocked,minor
P0046,C08,48.23,clear,none
P0046,C09,4.2,partially_blocked,none
P0047,C00,5.53,clear,none
P0047,C01,30.65,partially_blocked,minor
P0047,C02,26.78,blocked,none
P0047,C03,57.59,clear,minor
P0047,C04,21.44,blocked,significant
P0047,C05,59.65,clear,significant
P0047,C06,9.13,partially_blocked,minor
P0047,C07,43.33,clear,extreme
P0047,C08,21.14,clear,extreme
P0047,C09,4.43,clear,extreme
P0048,C00,57.44,blocked,minor
P0048,C01,6.27,clear,none
P0048,C02,41.17,partially_blocked,minor
P0048,C03,13.92,partially_blocked,minor
P0048,C04,20.63,blocked,extreme
P0048,C05,59.79,clear,none
P0048,C06,26.77,clear,moderate
P0048,C07,9.47,partially_blocked,none
P0048,C08,15.76,blocked,moderate
P0048,C09,30.83,blocked,moderate
P0049,C00,19.46,clear,moderate
P0049,C01,13.27,partially_blocked,minor
P0049,C02,4.8,blocked,minor
P0049,C03,22.68,clear,minor
P0049,C04,29.9,clear,minor
P0049,C05,5.28,clear,moderate
P0049,C06,26.77,partially_blocked,none
P0049,C07,28.5,blocked,minor
P0049,C08,31.39,blocked,none
P0049,C09,3.72,clear,minor
P0050,C00,32.91,partially_blocked,none
P0050,C01,17.33,partially_blocked,minor
P0050,C02,41.21,clear,minor
P0050,C03,9.41,clear,none
P0050,C04,5.64,clear,minor
P0050,C05,37.15,clear,none
P0050,C06,3.68,clear,none
P0050,C07,3.46,partially_blocked,minor
P0050,C08,14.85,clear,minor
P0050,C09,7.9,partially_blocked,none
P0051,C00,35.89,partially_blocked,moderate
P0051,C01,36.37,clear,significant
P0051,C02,11.9,clear,none
P0051,C03,15.0,clear,significant
P0051,C04,9.26,partially_blocked,minor
P0051,C05,9.6,partially_blocked,minor
P0051,C06,23.81,partially_blocked,none
P0051,C07,26.78,clear,none
P0051,C08,64.29,blocked,moderate
P0051,C09,66.73,partially_blocked,moderate
P0052,C00,16.64,clear,none
P0052,C01,26.08,partially_blocked,minor
P0052,C02,27.0,partially_blocked,extreme
P0052,C03,46.47,clear,none
P0052,C04,15.22,partially_blocked,none
P0052,C05,16.59,partially_blocked,moderate
P0052,C06,7.46,blocked,moderate
P0052,C07,38.03,partially_blocked,minor
P0052,C08,51.09,clear,none
P0052,C09,3.63,partially_blocked,minor
P0053,C00,14.34,clear,moderate
P0053,C01,18.61,clear,moderate
P0053,C02,7.08,clear,extreme
P0053,C03,26.63,clear,minor
P0053,C04,45.39,partially_blocked,moderate
P0053,C05,23.81,clear,minor
P0053,C06,2.0,partially_blocked,moderate
P0053,C07,34.21,blocked,minor
P0053,C08,3.09,clear,minor
P0053,C09,19.94,partially_blocked,none
P0054,C00,17.13,partially_blocked,none
P0054,C01,34.03,clear,none
P0054,C02,36.87,partially_blocked,none
P0054,C03,14.71,partially_blocked,minor
P0054,C04,29.6,clear,minor
P0054,C05,31.69,clear,extreme
P0054,C06,6.82,partially_blocked,moderate
P0054,C07,25.38,clear,minor
P0054,C08,27.33,clear,none
P0054,C09,12.31,clear,significant
P0055,C00,5.29,partially_blocked,moderate
P0055,C01,38.71,clear,moderate
P0055,C02,14.94,partially_blocked,none
P0055,C03,32.73,clear,minor
P0055,C04,16.25,clear,minor
P0055,C05,38.2,clear,minor
P0055,C06,15.88,partially_blocked,none
P0055,C07,8.54,clear,minor
P0055,C08,12.41,partially_blocked,minor
P0055,C09,23.86,clear,minor
P0056,C00,33.31,clear,moderate
P0056,C01,6.25,partially_blocked,moderate
P0056,C02,23.55,partially_blocked,minor
P0056,C03,24.38,clear,significant
P0056,C04,13.83,blocked,none
P0056,C05,9.79,partially_blocked,none
P0056,C06,7.8,clear,extreme
P0056,C07,16.82,partially_blocked,none
P0056,C08,25.73,clear,significant
P0056,C09,34.71,clear,minor
P0057,C00,2.62,partially_blocked,significant
P0057,C01,19.66,partially_blocked,minor
P0057,C02,31.81,blocked,none
P0057,C03,9.88,partially_blocked,moderate
P0057,C04,31.71,clear,none
P0057,C05,54.03,partially_blocked,moderate
P0057,C06,10.68,partially_blocked,minor
P0057,C07,34.38,partially_blocked,none
P0057,C08,32.65,partially_blocked,minor
P0057,C09,6.64,clear,minor
P0058,C00,2.8,clear,minor
P0058,C01,22.33,clear,moderate
P0058,C02,32.17,partially_blocked,minor
P0058,C03,55.82,partially_blocked,moderate
P0058,C04,28.7,clear,minor
P0058,C05,19.42,partially_blocked,minor
P0058,C06,16.8,clear,extreme
P0058,C07,22.69,partially_blocked,none
P0058,C08,14.9,partially_blocked,minor
P0058,C09,43.14,blocked,none
P0059,C00,8.22,partially_blocked,moderate
P0059,C01,20.01,partially_blocked,moderate
P0059,C02,2.22,partially_blocked,moderate
P0059,C03,13.24,clear,minor
P0059,C04,38.58,clear,none
P0059,C05,29.79,partially_blocked,minor
P0059,C06,50.12,partially_blocked,moderate
P0059,C07,28.63,partially_blocked,minor
P0059,C08,19.59,partially_blocked,minor
P0059,C09,34.13,partially_blocked,none
P0060,C00,22.98,partially_blocked,none
P0060,C01,49.75,clear,significant
P0060,C02,17.64,clear,moderate
P0060,C03,15.45,clear,minor
P0060,C04,69.59,partially_blocked,moderate
P0060,C05,18.95,clear,significant
P0060,C06,11.43,partially_blocked,none
P0060,C07,53.14,partially_blocked,none
P0060,C08,24.0,partially_blocked,significant
P0060,C09,48.02,clear,none
P0061,C00,12.94,partially_blocked,moderate
P0061,C01,2.0,partially_blocked,minor
P0061,C02,53.92,blocked,none
P0061,C03,27.22,partially_blocked,minor
P0061,C04,9.04,clear,moderate
P0061,C05,14.35,clear,minor
P0061,C06,36.19,partially_blocked,minor
P0061,C07,12.42,partially_blocked,none
P0061,C08,76.29,partially_blocked,minor
P0061,C09,2.0,blocked,moderate
P0062,C00,4.51,clear,moderate
P0062,C01,22.02,partially_blocked,moderate
P0062,C02,30.33,clear,minor
P0062,C03,11.17,clear,none
P0062,C04,27.26,partially_blocked,moderate
P0062,C05,34.17,clear,none
P0062,C06,25.17,clear,minor
P0062,C07,26.17,clear,minor
P0062,C08,17.91,partially_blocked,minor
P0062,C09,70.87,clear,moderate
P0063,C00,36.21,blocked,moderate
P0063,C01,2.0,partially_blocked,minor
P0063,C02,51.07,partially_blocked,none
P0063,C03,22.81,partially_blocked,minor
P0063,C04,35.42,partially_blocked,minor
P0063,C05,12.63,clear,none
P0063,C06,30.01,partially_blocked,none
P0063,C07,9.06,clear,minor
P0063,C08,42.05,partially_blocked,none
P0063,C09,24.99,clear,minor
P0064,C00,43.1,clear,none
P0064,C01,21.96,partially_blocked,none
P0064,C02,27.39,clear,none
P0064,C03,2.9,blocked,minor
P0064,C04,35.25,clear,none
P0064,C05,5.86,partially_blocked,significant
P0064,C06,13.07,blocked,none
P0064,C07,59.57,partially_blocked,minor
P0064,C08,5.01,blocked,none
P0064,C09,22.56,partially_blocked,moderate
P0065,C00,19.63,clear,none
P0065,C01,35.85,partially_blocked,none
P0065,C02,8.04,clear,moderate
P0065,C03,7.11,blocked,minor
P0065,C04,30.66,partially_blocked,moderate
P0065,C05,33.07,blocked,none
P0065,C06,19.82,clear,none
P0065,C07,49.23,clear,moderate
P0065,C08,9.62,partially_blocked,minor
P0065,C09,12.01,clear,none
P0066,C00,18.17,clear,none
P0066,C01,13.13,partially_blocked,extreme
P0066,C02,46.33,partially_blocked,minor
P0066,C03,21.18,blocked,none
P0066,C04,11.01,clear,minor
P0066,C05,36.77,blocked,minor
P0066,C06,14.15,clear,none
P0066,C07,65.81,partially_blocked,minor
P0066,C08,14.73,partially_blocked,extreme
P0066,C09,5.17,clear,minor
P0067,C00,5.4,clear,significant
P0067,C01,17.73,blocked,none
P0067,C02,49.89,blocked,none
P0067,C03,35.55,clear,moderate
P0067,C04,6.08,clear,moderate
P0067,C05,17.55,partially_blocked,minor
P0067,C06,48.77,partially_blocked,none
P0067,C07,18.24,blocked,none
P0067,C08,36.62,clear,moderate
P0067,C09,12.38,clear,minor
P0068,C00,37.12,partially_blocked,none
P0068,C01,21.85,partially_blocked,none
P0068,C02,4.98,clear,minor
P0068,C03,70.62,blocked,moderate
P0068,C04,68.94,partially_blocked,minor
P0068,C05,2.49,blocked,minor
P0068,C06,50.26,clear,minor
P0068,C07,35.64,partially_blocked,moderate
P0068,C08,37.27,clear,moderate
P0068,C09,6.23,partially_blocked,significant
P0069,C00,68.15,partially_blocked,none
P0069,C01,15.75,clear,none
P0069,C02,37.59,clear,minor
P0069,C03,26.72,clear,significant
P0069,C04,9.73,partially_blocked,minor
P0069,C05,15.74,partially_blocked,none
P0069,C06,57.51,clear,none
P0069,C07,20.68,clear,none
P0069,C08,9.17,blocked,minor
P0069,C09,7.51,clear,significant
P0070,C00,6.98,partially_blocked,significant
P0070,C01,27.59,clear,none
P0070,C02,39.99,partially_blocked,minor
P0070,C03,5.02,partially_blocked,moderate
P0070,C04,24.56,blocked,significant
P0070,C05,4.42,clear,minor
P0070,C06,29.11,clear,minor
P0070,C07,15.61,partially_blocked,none
P0070,C08,10.12,partially_blocked,moderate
P0070,C09,42.46,partially_blocked,significant
P0071,C00,13.69,partially_blocked,moderate
P0071,C01,28.43,clear,minor
P0071,C02,10.37,clear,significant
P0071,C03,34.7,clear,moderate
P0071,C04,2.0,partially_blocked,minor
P0071,C05,6.62,partially_blocked,none
P0071,C06,5.28,clear,moderate
P0071,C07,39.59,clear,none
P0071,C08,22.32,partially_blocked,minor
P0071,C09,15.91,partially_blocked,none
P0072,C00,43.33,partially_blocked,moderate
P0072,C01,14.4,blocked,moderate
P0072,C02,22.62,blocked,none
P0072,C03,11.76,partially_blocked,minor
P0072,C04,19.53,clear,none
P0072,C05,35.73,partially_blocked,moderate
P0072,C06,32.45,clear,none
P0072,C07,16.33,partially_blocked,minor
P0072,C08,27.87,clear,minor
P0072,C09,45.74,clear,none
P0073,C00,51.01,partially_blocked,none
P0073,C01,29.83,clear,minor
P0073,C02,29.45,partially_blocked,significant
P0073,C03,31.14,partially_blocked,none
P0073,C04,26.14,blocked,significant
P0073,C05,43.63,blocked,minor
P0073,C06,33.02,clear,moderate
P0073,C07,26.86,blocked,minor
P0073,C08,62.16,partially_blocked,minor
P0073,C09,25.71,partially_blocked,none
P0074,C00,46.28,clear,significant
P0074,C01,25.5,blocked,extreme
P0074,C02,2.0,clear,minor
P0074,C03,29.09,partially_blocked,minor
P0074,C04,29.47,blocked,none
P0074,C05,21.22,blocked,moderate
P0074,C06,2.0,partially_blocked,none
P0074,C07,36.83,clear,minor
P0074,C08,5.74,clear,minor
P0074,C09,62.14,clear,minor
P0075,C00,47.44,blocked,minor
P0075,C01,27.57,clear,minor
P0075,C02,16.35,partially_blocked,moderate
P0075,C03,11.94,blocked,minor
P0075,C04,6.88,partially_blocked,minor
P0075,C05,20.52,clear,significant
P0075,C06,18.5,partially_blocked,none
P0075,C07,36.43,clear,none
P0075,C08,34.62,clear,extreme
P0075,C09,16.87,clear,significant
P0076,C00,31.54,clear,none
P0076,C01,50.6,partially_blocked,moderate
P0076,C02,50.82,partially_blocked,moderate
P0076,C03,5.56,clear,minor
P0076,C04,5.89,clear,moderate
P0076,C05,8.71,clear,significant
P0076,C06,34.03,clear,minor
P0076,C07,53.43,clear,none
P0076,C08,21.49,clear,moderate
P0076,C09,17.28,clear,moderate
P0077,C00,35.97,partially_blocked,minor
P0077,C01,9.12,blocked,moderate
P0077,C02,66.55,clear,none
P0077,C03,18.97,clear,none
P0077,C04,16.03,partially_blocked,none
P0077,C05,63.32,clear,moderate
P0077,C06,25.27,partially_blocked,none
P0077,C07,11.43,clear,none
P0077,C08,28.06,blocked,none
P0077,C09,13.25,partially_blocked,minor
P0078,C00,3.39,clear,minor
P0078,C01,10.71,clear,minor
P0078,C02,11.23,clear,none
P0078,C03,22.21,clear,minor
P0078,C04,23.4,clear,moderate
P0078,C05,22.7,partially_blocked,significant
P0078,C06,2.0,partially_blocked,minor
P0078,C07,21.94,partially_blocked,moderate
P0078,C08,55.36,blocked,minor
P0078,C09,35.75,partially_blocked,minor
P0079,C00,48.09,partially_blocked,minor
P0079,C01,21.67,blocked,none
P0079,C02,23.46,partially_blocked,extreme
P0079,C03,16.27,partially_blocked,minor
P0079,C04,19.25,clear,minor
P0079,C05,68.15,partially_blocked,none
P0079,C06,39.63,partially_blocked,extreme
P0079,C07,50.39,clear,significant
P0079,C08,27.88,clear,significant
P0079,C09,52.07,clear,minor
P0080,C00,64.61,partially_blocked,minor
P0080,C01,38.92,clear,none
P0080,C02,65.47,clear,minor
P0080,C03,48.59,blocked,minor
P0080,C04,58.68,partially_blocked,moderate
P0080,C05,14.38,partially_blocked,significant
P0080,C06,52.28,blocked,moderate
P0080,C07,52.1,partially_blocked,significant
P0080,C08,20.67,partially_blocked,minor
P0080,C09,58.45,partially_blocked,minor
P0081,C00,3.68,clear,moderate
P0081,C01,24.83,clear,moderate
P0081,C02,12.51,blocked,minor
P0081,C03,32.51,clear,none
P0081,C04,8.61,clear,none
P0081,C05,49.01,blocked,minor
P0081,C06,14.82,blocked,moderate
P0081,C07,42.73,blocked,extreme
P0081,C08,58.14,partially_blocked,minor
P0081,C09,39.77,clear,minor
P0082,C00,13.72,clear,none
P0082,C01,10.0,clear,moderate
P0082,C02,17.77,partially_blocked,minor
P0082,C03,16.52,partially_blocked,significant
P0082,C04,33.93,partially_blocked,significant
P0082,C05,14.1,clear,significant
P0082,C06,62.91,partially_blocked,significant
P0082,C07,43.2,clear,minor
P0082,C08,47.43,partially_blocked,none
P0082,C09,53.34,clear,none
P0083,C00,26.14,partially_blocked,moderate
P0083,C01,27.97,clear,moderate
P0083,C02,19.68,partially_blocked,minor
P0083,C03,12.98,clear,none
P0083,C04,12.8,partially_blocked,extreme
P0083,C05,2.0,clear,minor
P0083,C06,21.07,partially_blocked,minor
P0083,C07,36.08,clear,significant
P0083,C08,24.78,partially_blocked,none
P0083,C09,7.65,clear,moderate
P0084,C00,42.24,partially_blocked,none
P0084,C01,9.03,clear,minor
P0084,C02,44.21,clear,significant
P0084,C03,8.4,clear,none
P0084,C04,2.0,clear,moderate
P0084,C05,13.14,clear,moderate
P0084,C06,62.87,clear,minor
P0084,C07,3.37,partially_blocked,minor
P0084,C08,31.48,partially_blocked,extreme
P0084,C09,28.4,clear,extreme
P0085,C00,9.85,blocked,moderate
P0085,C01,5.24,clear,none
P0085,C02,20.74,partially_blocked,minor
P0085,C03,4.79,partially_blocked,none
P0085,C04,13.79,clear,minor
P0085,C05,41.83,clear,moderate
P0085,C06,24.95,partially_blocked,none
P0085,C07,35.01,partially_blocked,minor
P0085,C08,51.05,clear,minor
P0085,C09,13.69,blocked,none
P0086,C00,28.48,clear,none
P0086,C01,18.95,clear,none
P0086,C02,42.97,clear,none
P0086,C03,40.92,partially_blocked,moderate
P0086,C04,2.64,clear,minor
P0086,C05,26.75,partially_blocked,none
P0086,C06,21.82,partially_blocked,minor
P0086,C07,28.95,clear,moderate
P0086,C08,62.46,partially_blocked,minor
P0086,C09,34.11,partially_blocked,moderate
P0087,C00,34.2,clear,extreme
P0087,C01,28.63,partially_blocked,minor
P0087,C02,36.83,clear,none
P0087,C03,59.29,clear,none
P0087,C04,57.92,blocked,none
P0087,C05,6.57,blocked,moderate
P0087,C06,17.63,clear,minor
P0087,C07,43.05,partially_blocked,moderate
P0087,C08,36.9,partially_blocked,none
P0087,C09,29.95,blocked,moderate
P0088,C00,44.22,partially_blocked,significant
P0088,C01,16.03,partially_blocked,moderate
P0088,C02,23.96,clear,none
P0088,C03,16.4,clear,none
P0088,C04,8.18,clear,none
P0088,C05,12.36,clear,minor
P0088,C06,20.63,clear,minor
P0088,C07,74.72,partially_blocked,none
P0088,C08,5.61,partially_blocked,none
P0088,C09,12.53,clear,moderate
P0089,C00,19.86,clear,moderate
P0089,C01,22.64,clear,significant
P0089,C02,12.46,clear,moderate
P0089,C03,43.42,blocked,minor
P0089,C04,10.75,partially_blocked,none
P0089,C05,35.59,blocked,extreme
P0089,C06,61.8,partially_blocked,minor
P0089,C07,16.87,partially_blocked,moderate
P0089,C08,62.46,partially_blocked,significant
P0089,C09,11.5,partially_blocked,moderate
P0090,C00,19.19,partially_blocked,moderate
P0090,C01,3.09,clear,none
P0090,C02,14.52,blocked,moderate
P0090,C03,25.72,partially_blocked,moderate
P0090,C04,34.33,partially_blocked,none
P0090,C05,19.6,partially_blocked,none
P0090,C06,10.83,partially_blocked,none
P0090,C07,84.33,partially_blocked,significant
P0090,C08,7.55,blocked,none
P0090,C09,47.38,partially_blocked,minor
P0091,C00,40.74,partially_blocked,none
P0091,C01,53.32,blocked,none
P0091,C02,40.97,partially_blocked,moderate
P0091,C03,37.32,clear,minor
P0091,C04,30.48,clear,none
P0091,C05,15.36,clear,minor
P0091,C06,2.91,clear,minor
P0091,C07,22.06,clear,minor
P0091,C08,22.96,partially_blocked,moderate
P0091,C09,42.21,blocked,moderate
P0092,C00,7.98,partially_blocked,minor
P0092,C01,6.13,clear,minor
P0092,C02,42.15,partially_blocked,minor
P0092,C03,14.52,partially_blocked,none
P0092,C04,22.54,clear,minor
P0092,C05,41.51,partially_blocked,minor
P0092,C06,18.06,blocked,minor
P0092,C07,41.85,partially_blocked,minor
P0092,C08,3.64,partially_blocked,moderate
P0092,C09,4.85,blocked,minor
P0093,C00,30.36,clear,none
P0093,C01,13.43,partially_blocked,none
P0093,C02,31.49,clear,none
P0093,C03,28.48,partially_blocked,none
P0093,C04,47.41,clear,minor
P0093,C05,14.13,partially_blocked,significant
P0093,C06,57.81,clear,minor
P0093,C07,23.96,blocked,none
P0093,C08,26.87,clear,minor
P0093,C09,30.81,partially_blocked,none
P0094,C00,26.58,partially_blocked,moderate
P0094,C01,28.51,partially_blocked,moderate
P0094,C02,49.02,partially_blocked,moderate
P0094,C03,33.5,clear,minor
P0094,C04,49.98,clear,significant
P0094,C05,41.78,clear,moderate
P0094,C06,41.61,partially_blocked,moderate
P0094,C07,35.2,partially_blocked,minor
P0094,C08,24.95,partially_blocked,moderate
P0094,C09,26.85,partially_blocked,minor
P0095,C00,13.81,clear,minor
P0095,C01,33.14,clear,none
P0095,C02,14.71,partially_blocked,minor
P0095,C03,33.83,partially_blocked,moderate
P0095,C04,50.63,blocked,significant
P0095,C05,11.16,partially_blocked,minor
P0095,C06,18.74,blocked,none
P0095,C07,59.99,clear,minor
P0095,C08,43.65,partially_blocked,extreme
P0095,C09,11.14,clear,minor
P0096,C00,40.85,partially_blocked,moderate
P0096,C01,23.14,partially_blocked,none
P0096,C02,15.16,partially_blocked,none
P0096,C03,37.07,clear,moderate
P0096,C04,52.94,clear,extreme
P0096,C05,62.05,partially_blocked,none
P0096,C06,49.19,partially_blocked,none
P0096,C07,9.24,partially_blocked,minor
P0096,C08,22.12,partially_blocked,minor
P0096,C09,7.84,clear,moderate
P0097,C00,4.17,clear,none
P0097,C01,12.27,blocked,significant
P0097,C02,15.44,clear,none
P0097,C03,49.17,clear,minor
P0097,C04,14.8,clear,minor
P0097,C05,13.5,clear,minor
P0097,C06,16.1,clear,extreme
P0097,C07,7.46,partially_blocked,minor
P0097,C08,39.24,clear,minor
P0097,C09,48.79,clear,moderate
P0098,C00,9.1,clear,moderate
P0098,C01,25.14,partially_blocked,minor
P0098,C02,2.88,clear,minor
P0098,C03,11.32,clear,moderate
P0098,C04,5.55,partially_blocked,significant
P0098,C05,4.94,clear,significant
P0098,C06,39.69,partially_blocked,moderate
P0098,C07,41.6,clear,extreme
P0098,C08,33.46,clear,moderate
P0098,C09,9.31,partially_blocked,extreme
P0099,C00,29.28,clear,minor
P0099,C01,9.45,blocked,none
P0099,C02,55.26,blocked,significant
P0099,C03,27.13,clear,none
P0099,C04,36.6,partially_blocked,moderate
P0099,C05,17.15,clear,minor
P0099,C06,37.88,clear,none
P0099,C07,8.04,clear,minor
P0099,C08,49.4,partially_blocked,minor
P0099,C09,70.47,partially_blocked,moderate
P0100,C00,24.85,clear,minor
P0100,C01,11.57,partially_blocked,none
P0100,C02,50.41,blocked,significant
P0100,C03,22.71,clear,minor
P0100,C04,72.46,blocked,none
P0100,C05,49.58,partially_blocked,minor
P0100,C06,14.26,clear,minor
P0100,C07,54.27,clear,minor
P0100,C08,10.25,partially_blocked,minor
P0100,C09,47.22,partially_blocked,minor
P0101,C00,9.86,partially_blocked,moderate
P0101,C01,20.31,partially_blocked,minor
P0101,C02,18.98,blocked,minor
P0101,C03,17.44,partially_blocked,moderate
P0101,C04,21.26,blocked,none
P0101,C05,38.43,blocked,significant
P0101,C06,21.37,partially_blocked,moderate
P0101,C07,22.15,partially_blocked,moderate
P0101,C08,30.82,blocked,significant
P0101,C09,31.18,blocked,minor
P0102,C00,52.5,blocked,minor
P0102,C01,38.69,clear,significant
P0102,C02,19.07,clear,significant
P0102,C03,66.78,clear,extreme
P0102,C04,5.99,blocked,none
P0102,C05,10.15,partially_blocked,none
P0102,C06,11.52,clear,moderate
P0102,C07,23.69,clear,none
P0102,C08,5.65,blocked,minor
P0102,C09,6.54,blocked,moderate
P0103,C00,12.09,clear,extreme
P0103,C01,27.63,blocked,none
P0103,C02,12.66,clear,moderate
P0103,C03,5.69,clear,extreme
P0103,C04,12.65,clear,moderate
P0103,C05,26.45,partially_blocked,minor
P0103,C06,9.6,blocked,moderate
P0103,C07,32.9,clear,minor
P0103,C08,23.9,blocked,minor
P0103,C09,12.39,clear,none
P0104,C00,24.64,clear,moderate
P0104,C01,57.54,partially_blocked,significant
P0104,C02,20.53,clear,minor
P0104,C03,35.91,partially_blocked,moderate
P0104,C04,15.96,blocked,none
P0104,C05,8.87,clear,moderate
P0104,C06,38.93,blocked,none
P0104,C07,15.37,clear,minor
P0104,C08,7.38,clear,moderate
P0104,C09,29.98,partially_blocked,minor
P0105,C00,19.53,partially_blocked,moderate
P0105,C01,42.48,clear,minor
P0105,C02,13.66,clear,moderate
P0105,C03,15.87,clear,none
P0105,C04,2.48,clear,moderate
P0105,C05,11.44,clear,none
P0105,C06,24.32,clear,none
P0105,C07,34.49,partially_blocked,moderate
P0105,C08,65.15,clear,moderate
P0105,C09,51.39,clear,minor
P0106,C00,23.06,clear,minor
P0106,C01,59.44,clear,moderate
P0106,C02,33.73,partially_blocked,extreme
P0106,C03,18.83,partially_blocked,extreme
P0106,C04,29.27,blocked,moderate
P0106,C05,9.35,clear,extreme
P0106,C06,27.85,partially_blocked,extreme
P0106,C07,24.44,clear,moderate
P0106,C08,20.62,blocked,none
P0106,C09,2.0,partially_blocked,minor
P0107,C00,47.77,partially_blocked,significant
P0107,C01,18.61,partially_blocked,moderate
P0107,C02,41.53,partially_blocked,none
P0107,C03,10.92,clear,none
P0107,C04,61.02,clear,significant
P0107,C05,14.93,blocked,minor
P0107,C06,53.55,clear,moderate
P0107,C07,48.39,partially_blocked,moderate
P0107,C08,53.8,clear,none
P0107,C09,40.11,clear,none
P0108,C00,27.56,blocked,minor
P0108,C01,12.54,clear,significant
P0108,C02,6.63,partially_blocked,minor
P0108,C03,10.31,clear,none
P0108,C04,36.3,partially_blocked,minor
P0108,C05,14.99,blocked,none
P0108,C06,20.15,partially_blocked,minor
P0108,C07,35.04,clear,none
P0108,C08,14.3,partially_blocked,significant
P0108,C09,40.65,clear,significant
P0109,C00,15.67,partially_blocked,minor
P0109,C01,19.22,clear,significant
P0109,C02,4.5,partially_blocked,minor
P0109,C03,8.92,blocked,moderate
P0109,C04,5.23,partially_blocked,moderate
P0109,C05,60.96,partially_blocked,minor
P0109,C06,30.57,partially_blocked,minor
P0109,C07,35.78,clear,none
P0109,C08,27.73,partially_blocked,moderate
P0109,C09,27.51,partially_blocked,moderate
P0110,C00,4.53,partially_blocked,significant
P0110,C01,43.67,clear,minor
P0110,C02,33.68,partially_blocked,moderate
P0110,C03,55.39,partially_blocked,moderate
P0110,C04,11.96,clear,moderate
P0110,C05,58.7,clear,none
P0110,C06,10.44,clear,minor
P0110,C07,11.04,blocked,none
P0110,C08,36.02,blocked,minor
P0110,C09,59.34,partially_blocked,significant
P0111,C00,32.32,partially_blocked,none
P0111,C01,8.43,partially_blocked,minor
P0111,C02,53.27,partially_blocked,moderate
P0111,C03,36.7,blocked,moderate
P0111,C04,12.19,partially_blocked,moderate
P0111,C05,31.47,partially_blocked,none
P0111,C06,51.81,clear,minor
P0111,C07,33.05,partially_blocked,none
P0111,C08,8.47,clear,minor
P0111,C09,2.86,blocked,none
P0112,C00,50.75,clear,moderate
P0112,C01,14.41,clear,minor
P0112,C02,15.26,partially_blocked,moderate
P0112,C03,46.02,clear,none
P0112,C04,39.08,clear,minor
P0112,C05,32.67,partially_blocked,none
P0112,C06,2.0,clear,none
P0112,C07,19.16,partially_blocked,moderate
P0112,C08,2.08,partially_blocked,none
P0112,C09,11.04,clear,minor
P0113,C00,9.33,partially_blocked,minor
P0113,C01,78.75,partially_blocked,minor
P0113,C02,27.1,partially_blocked,none
P0113,C03,5.22,blocked,none
P0113,C04,2.0,partially_blocked,moderate
P0113,C05,36.31,partially_blocked,significant
P0113,C06,11.17,partially_blocked,extreme
P0113,C07,5.28,clear,moderate
P0113,C08,19.24,partially_blocked,moderate
P0113,C09,34.11,partially_blocked,none
P0114,C00,21.38,partially_blocked,significant
P0114,C01,42.68,clear,none
P0114,C02,38.62,clear,none
P0114,C03,29.57,partially_blocked,minor
P0114,C04,43.89,partially_blocked,moderate
P0114,C05,6.18,blocked,none
P0114,C06,15.25,clear,minor
P0114,C07,21.7,clear,none
P0114,C08,49.67,clear,none
P0114,C09,63.47,clear,none
P0115,C00,33.22,clear,minor
P0115,C01,43.38,partially_blocked,moderate
P0115,C02,33.22,blocked,minor
P0115,C03,30.42,clear,minor
P0115,C04,2.0,partially_blocked,none
P0115,C05,42.69,partially_blocked,minor
P0115,C06,21.09,clear,significant
P0115,C07,19.59,partially_blocked,minor
P0115,C08,19.77,partially_blocked,minor
P0115,C09,51.28,clear,minor
P0116,C00,2.0,clear,none
P0116,C01,54.46,clear,none
P0116,C02,34.74,partially_blocked,minor
P0116,C03,12.58,clear,none
P0116,C04,9.32,blocked,moderate
P0116,C05,59.0,partially_blocked,minor
P0116,C06,22.38,partially_blocked,minor
P0116,C07,34.85,partially_blocked,extreme
P0116,C08,45.42,partially_blocked,minor
P0116,C09,37.27,clear,minor
P0117,C00,26.1,partially_blocked,minor
P0117,C01,26.91,partially_blocked,moderate
P0117,C02,37.29,clear,minor
P0117,C03,12.54,partially_blocked,extreme
P0117,C04,19.47,partially_blocked,moderate
P0117,C05,16.47,clear,minor
P0117,C06,35.12,clear,moderate
P0117,C07,43.56,partially_blocked,extreme
P0117,C08,5.57,partially_blocked,none
P0117,C09,19.7,clear,moderate
P0118,C00,36.52,partially_blocked,moderate
P0118,C01,27.06,partially_blocked,none
P0118,C02,10.13,clear,none
P0118,C03,5.71,clear,minor
P0118,C04,4.92,partially_blocked,minor
P0118,C05,9.71,clear,minor
P0118,C06,8.17,blocked,none
P0118,C07,12.99,blocked,moderate
P0118,C08,35.46,partially_blocked,minor
P0118,C09,13.31,clear,moderate
P0119,C00,44.79,clear,moderate
P0119,C01,11.41,clear,moderate
P0119,C02,59.84,partially_blocked,none
P0119,C03,3.95,partially_blocked,moderate
P0119,C04,13.1,blocked,none
P0119,C05,10.38,clear,significant
P0119,C06,40.99,clear,none
P0119,C07,15.77,clear,none
P0119,C08,12.5,blocked,none
P0119,C09,51.86,clear,minor
P0120,C00,16.51,blocked,none
P0120,C01,15.89,clear,moderate
P0120,C02,70.27,blocked,minor
P0120,C03,46.38,clear,moderate
P0120,C04,20.31,clear,none
P0120,C05,42.39,partially_blocked,significant
P0120,C06,53.02,clear,none
P0120,C07,43.27,clear,none
P0120,C08,43.55,blocked,moderate
P0120,C09,85.02,clear,significant
P0121,C00,2.0,partially_blocked,none
P0121,C01,31.33,partially_blocked,minor
P0121,C02,50.96,blocked,moderate
P0121,C03,44.06,partially_blocked,significant
P0121,C04,3.11,clear,moderate
P0121,C05,22.77,partially_blocked,minor
P0121,C06,5.83,partially_blocked,extreme
P0121,C07,12.69,clear,none
P0121,C08,37.65,blocked,minor
P0121,C09,60.72,blocked,none
P0122,C00,26.92,partially_blocked,moderate
P0122,C01,26.92,clear,none
P0122,C02,27.3,clear,minor
P0122,C03,7.15,clear,none
P0122,C04,9.46,clear,moderate
P0122,C05,53.59,partially_blocked,minor
P0122,C06,42.59,blocked,moderate
P0122,C07,24.22,blocked,none
P0122,C08,29.97,clear,none
P0122,C09,37.87,clear,moderate
P0123,C00,24.25,clear,moderate
P0123,C01,3.55,clear,minor
P0123,C02,27.73,clear,extreme
P0123,C03,42.71,blocked,moderate
P0123,C04,4.54,partially_blocked,minor
P0123,C05,19.37,partially_blocked,minor
P0123,C06,33.68,clear,significant
P0123,C07,17.46,partially_blocked,moderate
P0123,C08,25.04,partially_blocked,significant
P0123,C09,58.33,clear,moderate
P0124,C00,22.96,partially_blocked,none
P0124,C01,2.0,clear,none
P0124,C02,32.02,partially_blocked,moderate
P0124,C03,4.94,clear,extreme
P0124,C04,42.42,clear,minor
P0124,C05,46.79,clear,none
P0124,C06,30.7,partially_blocked,none
P0124,C07,32.24,blocked,moderate
P0124,C08,16.72,clear,none
P0124,C09,21.8,partially_blocked,none
P0125,C00,14.17,clear,minor
P0125,C01,28.17,partially_blocked,moderate
P0125,C02,6.04,partially_blocked,none
P0125,C03,28.36,clear,extreme
P0125,C04,56.1,partially_blocked,minor
P0125,C05,39.69,clear,none
P0125,C06,67.26,partially_blocked,minor
P0125,C07,19.1,clear,none
P0125,C08,29.94,clear,minor
P0125,C09,27.63,clear,minor
P0126,C00,10.14,clear,none
P0126,C01,64.41,partially_blocked,significant
P0126,C02,68.34,clear,none
P0126,C03,10.0,clear,minor
P0126,C04,12.75,clear,extreme
P0126,C05,36.32,blocked,none
P0126,C06,17.25,blocked,minor
P0126,C07,23.38,clear,none
P0126,C08,57.88,clear,none
P0126,C09,23.6,clear,extreme
P0127,C00,9.11,clear,minor
P0127,C01,41.08,clear,moderate
P0127,C02,37.4,blocked,significant
P0127,C03,30.47,partially_blocked,significant
P0127,C04,35.09,blocked,moderate
P0127,C05,6.1,blocked,moderate
P0127,C06,38.64,clear,minor
P0127,C07,13.77,partially_blocked,minor
P0127,C08,6.36,partially_blocked,moderate
P0127,C09,41.84,partially_blocked,moderate
P0128,C00,47.74,partially_blocked,none
P0128,C01,15.15,partially_blocked,significant
P0128,C02,4.46,clear,minor
P0128,C03,29.59,clear,none
P0128,C04,35.24,partially_blocked,moderate
P0128,C05,10.04,clear,minor
P0128,C06,28.21,blocked,moderate
P0128,C07,22.82,blocked,none
P0128,C08,29.76,clear,minor
P0128,C09,27.23,blocked,none
P0129,C00,12.45,partially_blocked,moderate
P0129,C01,47.64,clear,minor
P0129,C02,22.29,blocked,significant
P0129,C03,20.45,partially_blocked,moderate
P0129,C04,17.61,clear,moderate
P0129,C05,12.7,partially_blocked,none
P0129,C06,22.55,clear,none
P0129,C07,14.61,partially_blocked,moderate
P0129,C08,20.2,partially_blocked,minor
P0129,C09,19.07,clear,none
P0130,C00,33.09,clear,minor
P0130,C01,2.59,partially_blocked,none
P0130,C02,15.46,partially_blocked,none
P0130,C03,25.5,clear,minor
P0130,C04,55.68,clear,none
P0130,C05,62.2,partially_blocked,minor
P0130,C06,10.58,partially_blocked,none
P0130,C07,8.07,clear,none
P0130,C08,46.68,blocked,minor
P0130,C09,29.01,partially_blocked,none
P0131,C00,7.29,clear,minor
P0131,C01,23.67,clear,moderate
P0131,C02,11.98,clear,significant
P0131,C03,18.91,partially_blocked,none
P0131,C04,4.09,partially_blocked,minor
P0131,C05,13.46,blocked,moderate
P0131,C06,24.09,partially_blocked,minor
P0131,C07,7.55,clear,minor
P0131,C08,32.48,partially_blocked,moderate
P0131,C09,18.15,blocked,minor
P0132,C00,4.1,partially_blocked,moderate
P0132,C01,22.22,partially_blocked,significant
P0132,C02,13.15,partially_blocked,none
P0132,C03,25.06,clear,significant
P0132,C04,38.69,clear,minor
P0132,C05,6.98,clear,moderate
P0132,C06,41.17,clear,none
P0132,C07,9.73,partially_blocked,significant
P0132,C08,32.65,clear,minor
P0132,C09,45.68,clear,moderate
P0133,C00,28.25,clear,moderate
P0133,C01,12.79,clear,none
P0133,C02,13.72,clear,minor
P0133,C03,10.88,clear,moderate
P0133,C04,2.52,partially_blocked,minor
P0133,C05,22.56,clear,moderate
P0133,C06,11.59,clear,none
P0133,C07,64.15,blocked,minor
P0133,C08,26.0,partially_blocked,none
P0133,C09,24.26,partially_blocked,significant
P0134,C00,13.85,partially_blocked,minor
P0134,C01,7.37,partially_blocked,minor
P0134,C02,20.21,clear,moderate
P0134,C03,32.35,clear,significant
P0134,C04,43.03,partially_blocked,moderate
P0134,C05,27.59,clear,moderate
P0134,C06,40.16,clear,extreme
P0134,C07,28.82,blocked,moderate
P0134,C08,39.46,partially_blocked,minor
P0134,C09,35.47,partially_blocked,none
P0135,C00,51.37,clear,none
P0135,C01,22.73,partially_blocked,none
P0135,C02,14.05,partially_blocked,none
P0135,C03,58.18,clear,moderate
P0135,C04,5.89,blocked,none
P0135,C05,35.53,clear,significant
P0135,C06,33.05,clear,significant
P0135,C07,38.71,partially_blocked,moderate
P0135,C08,2.0,partially_blocked,none
P0135,C09,5.42,clear,none
P0136,C00,35.53,blocked,none
P0136,C01,34.67,partially_blocked,moderate
P0136,C02,27.31,partially_blocked,none
P0136,C03,73.09,clear,none
P0136,C04,23.42,partially_blocked,none
P0136,C05,14.85,partially_blocked,none
P0136,C06,4.28,clear,minor
P0136,C07,12.45,clear,minor
P0136,C08,49.09,clear,moderate
P0136,C09,13.82,clear,moderate
P0137,C00,63.66,clear,moderate
P0137,C01,38.21,clear,none
P0137,C02,30.11,clear,minor
P0137,C03,31.25,partially_blocked,none
P0137,C04,30.5,partially_blocked,minor
P0137,C05,28.66,clear,moderate
P0137,C06,37.78,partially_blocked,moderate
P0137,C07,60.37,partially_blocked,minor
P0137,C08,39.95,clear,none
P0137,C09,52.22,partially_blocked,minor
P0138,C00,35.04,clear,minor
P0138,C01,50.71,clear,moderate
P0138,C02,37.8,clear,none
P0138,C03,59.32,clear,extreme
P0138,C04,60.2,clear,none
P0138,C05,8.29,clear,none
P0138,C06,45.33,partially_blocked,none
P0138,C07,44.14,partially_blocked,moderate
P0138,C08,15.78,partially_blocked,significant
P0138,C09,25.43,blocked,minor
P0139,C00,15.67,blocked,none
P0139,C01,54.08,clear,minor
P0139,C02,36.87,partially_blocked,minor
P0139,C03,8.76,partially_blocked,moderate
P0139,C04,38.64,partially_blocked,extreme
P0139,C05,10.09,partially_blocked,none
P0139,C06,17.94,partially_blocked,minor
P0139,C07,15.49,blocked,minor
P0139,C08,37.75,clear,minor
P0139,C09,29.98,partially_blocked,minor
P0140,C00,31.84,partially_blocked,moderate
P0140,C01,61.63,blocked,minor
P0140,C02,5.58,clear,moderate
P0140,C03,27.43,clear,minor
P0140,C04,32.1,clear,none
P0140,C05,55.69,clear,extreme
P0140,C06,8.94,partially_blocked,moderate
P0140,C07,19.53,partially_blocked,moderate
P0140,C08,13.86,partially_blocked,moderate
P0140,C09,2.0,partially_blocked,none
P0141,C00,20.27,partially_blocked,none
P0141,C01,4.26,clear,minor
P0141,C02,46.21,partially_blocked,none
P0141,C03,12.09,blocked,none
P0141,C04,28.57,blocked,none
P0141,C05,33.39,clear,significant
P0141,C06,6.69,partially_blocked,extreme
P0141,C07,26.33,blocked,minor
P0141,C08,8.72,clear,none
P0141,C09,29.07,blocked,minor
P0142,C00,5.58,clear,none
P0142,C01,34.85,clear,none
P0142,C02,17.85,clear,moderate
P0142,C03,21.26,clear,none
P0142,C04,17.97,partially_blocked,minor
P0142,C05,10.02,clear,moderate
P0142,C06,21.88,blocked,none
P0142,C07,2.0,partially_blocked,none
P0142,C08,18.09,blocked,moderate
P0142,C09,22.17,clear,significant
P0143,C00,38.31,partially_blocked,moderate
P0143,C01,2.42,partially_blocked,none
P0143,C02,44.06,partially_blocked,moderate
P0143,C03,11.39,blocked,moderate
P0143,C04,21.36,partially_blocked,none
P0143,C05,27.88,partially_blocked,minor
P0143,C06,56.85,partially_blocked,none
P0143,C07,40.53,partially_blocked,none
P0143,C08,20.3,clear,none
P0143,C09,6.6,blocked,minor
P0144,C00,32.28,clear,extreme
P0144,C01,24.21,clear,minor
P0144,C02,43.25,partially_blocked,minor
P0144,C03,21.78,clear,moderate
P0144,C04,14.01,partially_blocked,moderate
P0144,C05,41.92,clear,minor
P0144,C06,51.18,blocked,moderate
P0144,C07,19.22,clear,significant
P0144,C08,2.0,partially_blocked,minor
P0144,C09,25.39,blocked,moderate
P0145,C00,18.76,clear,significant
P0145,C01,22.79,clear,moderate
P0145,C02,36.18,partially_blocked,none
P0145,C03,5.22,partially_blocked,minor
P0145,C04,15.85,clear,moderate
P0145,C05,13.03,clear,none
P0145,C06,15.59,partially_blocked,minor
P0145,C07,43.01,partially_blocked,minor
P0145,C08,40.2,clear,moderate
P0145,C09,37.87,clear,none
P0146,C00,35.08,blocked,none
P0146,C01,12.24,blocked,minor
P0146,C02,13.54,partially_blocked,none
P0146,C03,18.48,partially_blocked,minor
P0146,C04,13.32,clear,moderate
P0146,C05,40.48,blocked,moderate
P0146,C06,16.22,clear,minor
P0146,C07,22.67,blocked,moderate
P0146,C08,7.84,partially_blocked,moderate
P0146,C09,56.81,partially_blocked,none
P0147,C00,17.01,partially_blocked,minor
P0147,C01,42.15,clear,minor
P0147,C02,14.72,clear,none
P0147,C03,36.09,clear,minor
P0147,C04,32.48,blocked,moderate
P0147,C05,8.14,partially_blocked,moderate
P0147,C06,13.5,partially_blocked,significant
P0147,C07,35.2,blocked,minor
P0147,C08,9.13,partially_blocked,none
P0147,C09,22.26,partially_blocked,significant
P0148,C00,68.38,blocked,moderate
P0148,C01,35.15,blocked,moderate
P0148,C02,39.57,clear,significant
P0148,C03,9.85,partially_blocked,significant
P0148,C04,63.51,blocked,moderate
P0148,C05,28.8,clear,minor
P0148,C06,45.82,clear,minor
P0148,C07,4.53,clear,none
P0148,C08,20.44,partially_blocked,moderate
P0148,C09,29.6,clear,none
P0149,C00,33.55,partially_blocked,minor
P0149,C01,34.33,clear,minor
P0149,C02,68.21,partially_blocked,minor
P0149,C03,57.46,blocked,none
P0149,C04,27.19,blocked,moderate
P0149,C05,38.53,clear,minor
P0149,C06,34.33,clear,minor
P0149,C07,53.66,partially_blocked,minor
P0149,C08,33.74,clear,minor
P0149,C09,33.65,partially_blocked,minor
P0150,C00,19.35,partially_blocked,minor
P0150,C01,6.27,partially_blocked,minor
P0150,C02,21.27,partially_blocked,moderate
P0150,C03,47.0,clear,none
P0150,C04,12.48,partially_blocked,none
P0150,C05,24.81,clear,none
P0150,C06,31.06,clear,minor
P0150,C07,46.39,clear,minor
P0150,C08,46.24,clear,none
P0150,C09,39.0,partially_blocked,moderate
P0151,C00,22.81,partially_blocked,moderate
P0151,C01,4.86,clear,minor
P0151,C02,15.85,partially_blocked,none
P0151,C03,2.0,partially_blocked,minor
P0151,C04,35.19,partially_blocked,none
P0151,C05,43.47,partially_blocked,moderate
P0151,C06,30.59,clear,moderate
P0151,C07,12.39,partially_blocked,moderate
P0151,C08,26.66,clear,none
P0151,C09,26.1,clear,minor
P0152,C00,25.43,clear,none
P0152,C01,47.52,clear,moderate
P0152,C02,22.66,clear,minor
P0152,C03,29.82,partially_blocked,none
P0152,C04,66.05,partially_blocked,none
P0152,C05,13.95,partially_blocked,none
P0152,C06,19.87,clear,none
P0152,C07,22.71,blocked,none
P0152,C08,34.6,clear,moderate
P0152,C09,27.6,partially_blocked,moderate
P0153,C00,4.52,clear,significant
P0153,C01,74.76,partially_blocked,moderate
P0153,C02,58.48,partially_blocked,moderate
P0153,C03,7.2,partially_blocked,significant
P0153,C04,13.18,clear,moderate
P0153,C05,14.08,clear,none
P0153,C06,16.83,blocked,minor
P0153,C07,17.16,clear,minor
P0153,C08,19.43,clear,minor
P0153,C09,17.77,clear,none
P0154,C00,26.33,partially_blocked,significant
P0154,C01,20.83,partially_blocked,significant
P0154,C02,72.87,blocked,none
P0154,C03,27.74,partially_blocked,minor
P0154,C04,51.71,partially_blocked,moderate
P0154,C05,40.7,clear,moderate
P0154,C06,26.25,partially_blocked,none
P0154,C07,4.43,partially_blocked,none
P0154,C08,27.24,blocked,moderate
P0154,C09,10.59,partially_blocked,significant
P0155,C00,24.86,partially_blocked,moderate
P0155,C01,29.38,clear,moderate
P0155,C02,13.27,clear,significant
P0155,C03,24.36,blocked,minor
P0155,C04,20.06,blocked,extreme
P0155,C05,28.68,clear,moderate
P0155,C06,23.31,partially_blocked,moderate
P0155,C07,57.29,clear,minor
P0155,C08,48.71,partially_blocked,minor
P0155,C09,6.32,partially_blocked,significant
P0156,C00,14.43,partially_blocked,none
P0156,C01,14.82,partially_blocked,minor
P0156,C02,14.46,clear,minor
P0156,C03,25.49,clear,none
P0156,C04,34.13,partially_blocked,none
P0156,C05,61.78,clear,significant
P0156,C06,2.11,partially_blocked,minor
P0156,C07,35.1,blocked,minor
P0156,C08,12.66,partially_blocked,minor
P0156,C09,35.75,clear,none
P0157,C00,36.5,clear,minor
P0157,C01,24.79,partially_blocked,minor
P0157,C02,9.5,blocked,none
P0157,C03,42.07,clear,minor
P0157,C04,11.14,clear,extreme
P0157,C05,8.21,partially_blocked,minor
P0157,C06,14.24,partially_blocked,moderate
P0157,C07,69.23,clear,none
P0157,C08,23.64,partially_blocked,moderate
P0157,C09,7.13,clear,none
P0158,C00,62.41,clear,minor
P0158,C01,8.14,partially_blocked,moderate
P0158,C02,49.17,partially_blocked,significant
P0158,C03,14.76,partially_blocked,none
P0158,C04,59.0,blocked,minor
P0158,C05,20.07,partially_blocked,minor
P0158,C06,65.59,clear,none
P0158,C07,72.44,clear,none
P0158,C08,11.87,clear,minor
P0158,C09,9.2,partially_blocked,significant
P0159,C00,7.76,clear,minor
P0159,C01,5.96,blocked,extreme
P0159,C02,26.91,partially_blocked,none
P0159,C03,42.87,clear,minor
P0159,C04,26.76,blocked,moderate
P0159,C05,47.29,partially_blocked,none
P0159,C06,18.4,clear,minor
P0159,C07,43.78,clear,moderate
P0159,C08,63.04,partially_blocked,none
P0159,C09,25.1,clear,none
P0160,C00,5.6,clear,minor
P0160,C01,27.18,partially_blocked,moderate
P0160,C02,34.69,clear,none
P0160,C03,26.18,clear,minor
P0160,C04,18.32,clear,none
P0160,C05,17.4,partially_blocked,moderate
P0160,C06,18.5,clear,moderate
P0160,C07,38.68,clear,significant
P0160,C08,79.02,partially_blocked,minor
P0160,C09,49.06,partially_blocked,minor
P0161,C00,18.79,clear,none
P0161,C01,7.51,clear,moderate
P0161,C02,34.37,clear,none
P0161,C03,12.3,partially_blocked,minor
P0161,C04,7.78,partially_blocked,moderate
P0161,C05,37.87,clear,moderate
P0161,C06,2.0,clear,moderate
P0161,C07,7.65,partially_blocked,minor
P0161,C08,31.32,partially_blocked,minor
P0161,C09,13.59,clear,moderate
P0162,C00,42.46,partially_blocked,moderate
P0162,C01,4.71,clear,moderate
P0162,C02,10.55,partially_blocked,none
P0162,C03,6.97,clear,significant
P0162,C04,68.46,partially_blocked,minor
P0162,C05,23.71,partially_blocked,minor
P0162,C06,66.79,partially_blocked,none
P0162,C07,58.95,clear,none
P0162,C08,8.38,partially_blocked,minor
P0162,C09,34.89,blocked,minor
P0163,C00,9.84,clear,moderate
P0163,C01,30.7,partially_blocked,extreme
P0163,C02,8.72,clear,none
P0163,C03,39.87,partially_blocked,none
P0163,C04,15.45,partially_blocked,extreme
P0163,C05,41.82,clear,minor
P0163,C06,34.24,blocked,minor
P0163,C07,30.52,blocked,none
P0163,C08,44.6,clear,minor
P0163,C09,9.7,blocked,none
P0164,C00,52.22,blocked,moderate
P0164,C01,11.61,clear,none
P0164,C02,51.14,blocked,moderate
P0164,C03,19.67,partially_blocked,significant
P0164,C04,27.64,partially_blocked,minor
P0164,C05,53.19,blocked,none
P0164,C06,14.05,partially_blocked,moderate
P0164,C07,9.77,clear,significant
P0164,C08,5.23,clear,significant
P0164,C09,53.02,clear,significant
P0165,C00,9.61,partially_blocked,moderate
P0165,C01,2.89,clear,none
P0165,C02,37.29,partially_blocked,extreme
P0165,C03,20.19,clear,minor
P0165,C04,46.72,blocked,none
P0165,C05,10.91,partially_blocked,minor
P0165,C06,26.88,blocked,none
P0165,C07,49.68,clear,minor
P0165,C08,14.11,clear,minor
P0165,C09,17.39,partially_blocked,moderate
P0166,C00,28.61,partially_blocked,extreme
P0166,C01,16.62,clear,minor
P0166,C02,51.58,partially_blocked,none
P0166,C03,10.57,clear,minor
P0166,C04,36.53,clear,none
P0166,C05,20.24,partially_blocked,none
P0166,C06,18.15,partially_blocked,minor
P0166,C07,2.0,blocked,moderate
P0166,C08,3.43,blocked,moderate
P0166,C09,9.02,partially_blocked,moderate
P0167,C00,54.04,partially_blocked,minor
P0167,C01,11.96,partially_blocked,significant
P0167,C02,26.28,partially_blocked,none
P0167,C03,21.37,clear,minor
P0167,C04,17.36,clear,moderate
P0167,C05,19.29,clear,none
P0167,C06,20.99,blocked,minor
P0167,C07,17.33,clear,moderate
P0167,C08,41.3,partially_blocked,none
P0167,C09,32.64,clear,moderate
P0168,C00,27.34,partially_blocked,none
P0168,C01,41.23,partially_blocked,none
P0168,C02,10.8,partially_blocked,minor
P0168,C03,28.81,clear,moderate
P0168,C04,36.54,clear,none
P0168,C05,4.16,blocked,none
P0168,C06,20.85,partially_blocked,none
P0168,C07,15.16,partially_blocked,minor
P0168,C08,11.74,clear,moderate
P0168,C09,26.6,partially_blocked,extreme
P0169,C00,2.0,clear,none
P0169,C01,6.71,clear,minor
P0169,C02,31.0,clear,none
P0169,C03,24.31,clear,moderate
P0169,C04,38.28,clear,none
P0169,C05,13.76,clear,extreme
P0169,C06,17.63,blocked,moderate
P0169,C07,29.15,clear,none
P0169,C08,23.39,blocked,moderate
P0169,C09,11.29,partially_blocked,significant
P0170,C00,28.29,partially_blocked,moderate
P0170,C01,14.02,clear,moderate
P0170,C02,5.4,clear,minor
P0170,C03,55.83,clear,moderate
P0170,C04,33.0,clear,moderate
P0170,C05,17.49,partially_blocked,moderate
P0170,C06,15.52,blocked,moderate
P0170,C07,5.2,blocked,minor
P0170,C08,11.84,partially_blocked,none
P0170,C09,28.94,clear,significant
P0171,C00,30.2,partially_blocked,moderate
P0171,C01,39.02,blocked,minor
P0171,C02,41.94,clear,none
P0171,C03,50.99,blocked,significant
P0171,C04,23.69,clear,moderate
P0171,C05,50.66,partially_blocked,moderate
P0171,C06,18.93,clear,extreme
P0171,C07,8.37,partially_blocked,moderate
P0171,C08,13.7,blocked,moderate
P0171,C09,23.2,clear,moderate
P0172,C00,37.32,partially_blocked,minor
P0172,C01,15.82,clear,moderate
P0172,C02,85.04,clear,moderate
P0172,C03,21.59,blocked,moderate
P0172,C04,51.27,partially_blocked,significant
P0172,C05,39.21,partially_blocked,none
P0172,C06,46.6,partially_blocked,none
P0172,C07,33.48,partially_blocked,minor
P0172,C08,17.99,partially_blocked,significant
P0172,C09,25.75,clear,moderate
P0173,C00,18.16,partially_blocked,moderate
P0173,C01,11.69,clear,none
P0173,C02,14.64,clear,minor
P0173,C03,13.31,clear,minor
P0173,C04,44.66,clear,moderate
P0173,C05,35.91,blocked,none
P0173,C06,26.17,clear,minor
P0173,C07,5.95,clear,moderate
P0173,C08,42.22,partially_blocked,minor
P0173,C09,19.12,clear,none
P0174,C00,26.27,partially_blocked,moderate
P0174,C01,2.29,partially_blocked,extreme
P0174,C02,16.45,blocked,minor
P0174,C03,11.65,clear,minor
P0174,C04,9.64,partially_blocked,none
P0174,C05,19.83,clear,moderate
P0174,C06,4.42,partially_blocked,moderate
P0174,C07,30.02,clear,minor
P0174,C08,42.13,clear,none
P0174,C09,31.85,clear,minor
P0175,C00,21.93,partially_blocked,none
P0175,C01,16.01,clear,none
P0175,C02,12.07,clear,extreme
P0175,C03,6.88,clear,moderate
P0175,C04,21.11,partially_blocked,moderate
P0175,C05,5.91,clear,minor
P0175,C06,22.64,clear,none
P0175,C07,31.17,partially_blocked,minor
P0175,C08,60.07,partially_blocked,none
P0175,C09,29.39,blocked,none
P0176,C00,34.42,partially_blocked,minor
P0176,C01,23.32,clear,none
P0176,C02,14.88,clear,significant
P0176,C03,2.0,partially_blocked,extreme
P0176,C04,44.56,clear,none
P0176,C05,3.17,partially_blocked,none
P0176,C06,21.45,clear,none
P0176,C07,60.9,clear,moderate
P0176,C08,9.65,partially_blocked,none
P0176,C09,17.18,clear,none
P0177,C00,19.49,clear,none
P0177,C01,25.5,blocked,minor
P0177,C02,12.73,partially_blocked,extreme
P0177,C03,20.95,partially_blocked,moderate
P0177,C04,12.81,blocked,none
P0177,C05,10.68,partially_blocked,moderate
P0177,C06,50.53,partially_blocked,extreme
P0177,C07,35.12,clear,none
P0177,C08,45.99,partially_blocked,significant
P0177,C09,12.44,clear,significant
P0178,C00,9.95,clear,none
P0178,C01,12.64,partially_blocked,minor
P0178,C02,58.38,partially_blocked,minor
P0178,C03,25.18,partially_blocked,none
P0178,C04,32.57,clear,moderate
P0178,C05,22.02,blocked,extreme
P0178,C06,20.34,partially_blocked,minor
P0178,C07,26.95,clear,moderate
P0178,C08,11.16,blocked,minor
P0178,C09,42.67,clear,none
P0179,C00,15.2,clear,none
P0179,C01,33.16,clear,none
P0179,C02,2.39,clear,none
P0179,C03,33.22,blocked,minor
P0179,C04,33.9,clear,none
P0179,C05,43.99,blocked,extreme
P0179,C06,52.16,blocked,extreme
P0179,C07,22.18,partially_blocked,minor
P0179,C08,10.72,clear,none
P0179,C09,7.37,clear,moderate
P0180,C00,32.54,blocked,none
P0180,C01,61.88,clear,minor
P0180,C02,25.51,clear,moderate
P0180,C03,4.91,partially_blocked,none
P0180,C04,41.9,clear,minor
P0180,C05,13.44,clear,minor
P0180,C06,18.64,clear,minor
P0180,C07,33.68,partially_blocked,moderate
P0180,C08,64.01,blocked,significant
P0180,C09,11.75,partially_blocked,moderate
P0181,C00,35.24,partially_blocked,none
P0181,C01,29.14,partially_blocked,none
P0181,C02,14.98,partially_blocked,minor
P0181,C03,8.34,partially_blocked,moderate
P0181,C04,44.69,partially_blocked,minor
P0181,C05,31.51,clear,minor
P0181,C06,19.1,partially_blocked,minor
P0181,C07,28.76,partially_blocked,significant
P0181,C08,13.37,partially_blocked,minor
P0181,C09,24.78,clear,minor
P0182,C00,18.99,clear,moderate
P0182,C01,16.29,clear,moderate
P0182,C02,31.19,clear,minor
P0182,C03,28.86,partially_blocked,minor
P0182,C04,2.0,clear,minor
P0182,C05,25.57,clear,moderate
P0182,C06,9.74,partially_blocked,none
P0182,C07,23.21,clear,minor
P0182,C08,64.23,partially_blocked,none
P0182,C09,19.25,clear,none
P0183,C00,11.36,clear,none
P0183,C01,48.84,clear,moderate
P0183,C02,42.05,partially_blocked,none
P0183,C03,24.9,clear,none
P0183,C04,34.72,clear,extreme
P0183,C05,46.44,clear,none
P0183,C06,27.93,clear,moderate
P0183,C07,42.97,blocked,none
P0183,C08,2.88,partially_blocked,minor
P0183,C09,51.35,partially_blocked,minor
P0184,C00,2.0,blocked,minor
P0184,C01,22.61,partially_blocked,minor
P0184,C02,23.24,blocked,none
P0184,C03,35.75,clear,moderate
P0184,C04,15.06,partially_blocked,moderate
P0184,C05,20.68,clear,none
P0184,C06,26.57,clear,none
P0184,C07,29.18,blocked,none
P0184,C08,3.76,clear,moderate
P0184,C09,21.5,clear,minor
P0185,C00,25.78,clear,none
P0185,C01,50.75,clear,moderate
P0185,C02,6.37,partially_blocked,none
P0185,C03,3.67,partially_blocked,moderate
P0185,C04,19.23,partially_blocked,none
P0185,C05,25.57,clear,significant
P0185,C06,4.88,partially_blocked,none
P0185,C07,14.1,partially_blocked,none
P0185,C08,32.72,partially_blocked,moderate
P0185,C09,38.21,blocked,none
P0186,C00,58.83,clear,moderate
P0186,C01,13.56,clear,extreme
P0186,C02,40.26,partially_blocked,moderate
P0186,C03,45.57,partially_blocked,minor
P0186,C04,15.31,partially_blocked,minor
P0186,C05,4.43,clear,minor
P0186,C06,62.88,clear,moderate
P0186,C07,56.37,partially_blocked,none
P0186,C08,17.35,blocked,significant
P0186,C09,26.11,clear,minor
P0187,C00,39.99,partially_blocked,significant
P0187,C01,18.58,clear,moderate
P0187,C02,19.56,clear,minor
P0187,C03,5.52,blocked,none
P0187,C04,49.93,partially_blocked,none
P0187,C05,25.86,clear,none
P0187,C06,9.28,partially_blocked,moderate
P0187,C07,31.21,clear,minor
P0187,C08,43.26,partially_blocked,significant
P0187,C09,11.79,partially_blocked,moderate
P0188,C00,42.94,partially_blocked,minor
P0188,C01,36.28,clear,significant
P0188,C02,34.32,partially_blocked,minor
P0188,C03,36.43,partially_blocked,moderate
P0188,C04,8.95,blocked,none
P0188,C05,34.13,partially_blocked,none
P0188,C06,35.2,clear,none
P0188,C07,42.87,blocked,moderate
P0188,C08,34.14,blocked,minor
P0188,C09,5.03,partially_blocked,none
P0189,C00,18.01,partially_blocked,moderate
P0189,C01,50.46,blocked,minor
P0189,C02,45.26,clear,minor
P0189,C03,14.98,blocked,minor
P0189,C04,21.12,partially_blocked,minor
P0189,C05,21.14,partially_blocked,significant
P0189,C06,43.47,clear,none
P0189,C07,29.44,clear,moderate
P0189,C08,55.19,partially_blocked,significant
P0189,C09,4.34,partially_blocked,none
P0190,C00,22.07,partially_blocked,none
P0190,C01,47.66,clear,minor
P0190,C02,13.86,clear,none
P0190,C03,25.41,clear,none
P0190,C04,17.72,blocked,moderate
P0190,C05,6.69,clear,extreme
P0190,C06,2.0,clear,none
P0190,C07,6.91,clear,extreme
P0190,C08,32.41,clear,none
P0190,C09,4.23,partially_blocked,moderate
P0191,C00,4.21,partially_blocked,significant
P0191,C01,23.03,partially_blocked,minor
P0191,C02,3.21,clear,moderate
P0191,C03,30.11,partially_blocked,moderate
P0191,C04,29.63,blocked,minor
P0191,C05,10.83,clear,minor
P0191,C06,14.49,clear,none
P0191,C07,5.94,partially_blocked,minor
P0191,C08,35.17,partially_blocked,moderate
P0191,C09,70.53,partially_blocked,moderate
P0192,C00,34.46,clear,minor
P0192,C01,43.5,clear,moderate
P0192,C02,9.34,clear,minor
P0192,C03,9.95,blocked,moderate
P0192,C04,2.0,partially_blocked,minor
P0192,C05,57.72,partially_blocked,significant
P0192,C06,10.91,partially_blocked,moderate
P0192,C07,40.15,blocked,moderate
P0192,C08,21.64,clear,none
P0192,C09,23.06,clear,none
P0193,C00,18.17,clear,moderate
P0193,C01,19.75,clear,none
P0193,C02,49.56,partially_blocked,none
P0193,C03,28.56,clear,minor
P0193,C04,31.47,partially_blocked,moderate
P0193,C05,24.75,partially_blocked,moderate
P0193,C06,45.34,clear,moderate
P0193,C07,17.22,partially_blocked,minor
P0193,C08,35.04,blocked,none
P0193,C09,40.22,clear,minor
P0194,C00,16.6,blocked,moderate
P0194,C01,26.48,partially_blocked,minor
P0194,C02,29.99,clear,moderate
P0194,C03,25.98,clear,moderate
P0194,C04,7.6,clear,moderate
P0194,C05,22.95,partially_blocked,none
P0194,C06,20.26,partially_blocked,none
P0194,C07,23.99,clear,none
P0194,C08,31.62,partially_blocked,none
P0194,C09,40.46,blocked,minor
P0195,C00,33.69,clear,none
P0195,C01,19.69,clear,none
P0195,C02,41.19,clear,minor
P0195,C03,40.73,partially_blocked,moderate
P0195,C04,60.48,partially_blocked,minor
P0195,C05,15.36,partially_blocked,moderate
P0195,C06,44.29,clear,minor
P0195,C07,18.88,blocked,none
P0195,C08,31.28,partially_blocked,none
P0195,C09,2.0,clear,significant
P0196,C00,25.08,partially_blocked,minor
P0196,C01,40.47,clear,moderate
P0196,C02,27.45,partially_blocked,moderate
P0196,C03,17.35,partially_blocked,moderate
P0196,C04,22.97,clear,minor
P0196,C05,13.54,clear,none
P0196,C06,27.32,clear,significant
P0196,C07,22.37,clear,minor
P0196,C08,36.53,partially_blocked,extreme
P0196,C09,59.88,clear,none
P0197,C00,19.97,clear,extreme
P0197,C01,60.31,clear,none
P0197,C02,10.22,clear,none
P0197,C03,14.39,partially_blocked,none
P0197,C04,58.65,partially_blocked,none
P0197,C05,12.43,partially_blocked,minor
P0197,C06,21.96,blocked,minor
P0197,C07,12.48,clear,none
P0197,C08,19.16,clear,none
P0197,C09,5.55,clear,none
P0198,C00,15.79,blocked,none
P0198,C01,37.54,clear,minor
P0198,C02,20.85,blocked,moderate
P0198,C03,2.0,clear,moderate
P0198,C04,12.47,partially_blocked,minor
P0198,C05,16.4,partially_blocked,moderate
P0198,C06,71.2,partially_blocked,moderate
P0198,C07,23.4,blocked,minor
P0198,C08,57.69,clear,none
P0198,C09,33.41,clear,minor
P0199,C00,34.47,partially_blocked,none
P0199,C01,51.88,clear,none
P0199,C02,40.33,blocked,none
P0199,C03,15.7,blocked,none
P0199,C04,50.39,partially_blocked,minor
P0199,C05,24.77,partially_blocked,minor
P0199,C06,14.75,clear,significant
P0199,C07,19.53,clear,none
P0199,C08,28.59,clear,minor
P0199,C09,35.32,partially_blocked,none
P0200,C00,23.49,blocked,none
P0200,C01,9.29,blocked,none
P0200,C02,12.43,clear,none
P0200,C03,45.68,partially_blocked,minor
P0200,C04,49.6,clear,moderate
P0200,C05,17.55,partially_blocked,moderate
P0200,C06,15.73,clear,minor
P0200,C07,41.94,clear,none
P0200,C08,33.83,partially_blocked,none
P0200,C09,42.99,clear,extreme
P0201,C00,25.75,clear,none
P0201,C01,43.45,clear,significant
P0201,C02,40.08,clear,extreme
P0201,C03,2.0,partially_blocked,minor
P0201,C04,48.64,clear,minor
P0201,C05,17.71,partially_blocked,significant
P0201,C06,24.03,clear,none
P0201,C07,34.47,partially_blocked,none
P0201,C08,29.99,clear,significant
P0201,C09,68.07,partially_blocked,minor
P0202,C00,11.67,blocked,none
P0202,C01,36.92,clear,minor
P0202,C02,19.19,clear,none
P0202,C03,16.2,blocked,moderate
P0202,C04,9.25,partially_blocked,moderate
P0202,C05,45.18,clear,minor
P0202,C06,2.0,clear,moderate
P0202,C07,7.85,clear,minor
P0202,C08,2.0,clear,none
P0202,C09,32.09,clear,none
P0203,C00,33.54,clear,minor
P0203,C01,14.18,clear,minor
P0203,C02,53.07,partially_blocked,none
P0203,C03,64.02,partially_blocked,extreme
P0203,C04,39.73,clear,moderate
P0203,C05,53.43,partially_blocked,minor
P0203,C06,13.18,clear,significant
P0203,C07,16.79,partially_blocked,moderate
P0203,C08,29.65,partially_blocked,moderate
P0203,C09,21.55,partially_blocked,minor
P0204,C00,9.19,clear,significant
P0204,C01,37.65,clear,moderate
P0204,C02,58.76,clear,significant
P0204,C03,24.51,clear,moderate
P0204,C04,43.61,partially_blocked,moderate
P0204,C05,13.55,clear,extreme
P0204,C06,31.53,clear,significant
P0204,C07,36.37,partially_blocked,significant
P0204,C08,37.99,clear,moderate
P0204,C09,41.46,clear,minor
P0205,C00,56.32,partially_blocked,none
P0205,C01,19.4,partially_blocked,minor
P0205,C02,22.45,clear,minor
P0205,C03,32.36,clear,minor
P0205,C04,4.16,blocked,none
P0205,C05,25.12,partially_blocked,minor
P0205,C06,8.63,partially_blocked,significant
P0205,C07,43.46,partially_blocked,none
P0205,C08,32.03,clear,significant
P0205,C09,57.53,partially_blocked,significant
P0206,C00,47.41,clear,minor
P0206,C01,27.93,blocked,minor
P0206,C02,40.48,partially_blocked,significant
P0206,C03,3.04,clear,none
P0206,C04,55.23,partially_blocked,none
P0206,C05,10.61,clear,minor
P0206,C06,37.8,clear,minor
P0206,C07,14.39,clear,none
P0206,C08,33.82,blocked,minor
P0206,C09,7.51,partially_blocked,moderate
P0207,C00,12.64,partially_blocked,minor
P0207,C01,2.0,clear,none
P0207,C02,34.08,partially_blocked,moderate
P0207,C03,56.3,clear,moderate
P0207,C04,31.96,blocked,minor
P0207,C05,54.11,clear,minor
P0207,C06,16.88,partially_blocked,none
P0207,C07,29.98,clear,significant
P0207,C08,29.84,partially_blocked,moderate
P0207,C09,17.61,clear,minor
P0208,C00,43.6,clear,none
P0208,C01,18.72,partially_blocked,minor
P0208,C02,15.79,clear,significant
P0208,C03,12.39,partially_blocked,minor
P0208,C04,16.22,clear,none
P0208,C05,2.0,clear,moderate
P0208,C06,16.0,clear,none
P0208,C07,52.89,partially_blocked,significant
P0208,C08,88.73,blocked,minor
P0208,C09,10.53,clear,none
P0209,C00,29.9,partially_blocked,moderate
P0209,C01,15.83,blocked,moderate
P0209,C02,12.58,partially_blocked,none
P0209,C03,38.26,clear,moderate
P0209,C04,17.72,partially_blocked,none
P0209,C05,30.81,clear,moderate
P0209,C06,20.5,partially_blocked,none
P0209,C07,38.23,partially_blocked,none
P0209,C08,14.45,clear,significant
P0209,C09,46.8,clear,none
P0210,C00,40.22,partially_blocked,none
P0210,C01,35.53,clear,minor
P0210,C02,39.53,clear,minor
P0210,C03,2.0,clear,none
P0210,C04,45.92,clear,none
P0210,C05,29.22,blocked,none
P0210,C06,25.77,partially_blocked,none
P0210,C07,25.69,partially_blocked,none
P0210,C08,24.75,clear,moderate
P0210,C09,33.19,blocked,significant
P0211,C00,6.5,clear,moderate
P0211,C01,27.89,partially_blocked,none
P0211,C02,26.84,blocked,none
P0211,C03,10.3,clear,moderate
P0211,C04,12.06,clear,moderate
P0211,C05,11.53,partially_blocked,significant
P0211,C06,18.08,partially_blocked,none
P0211,C07,69.82,partially_blocked,moderate
P0211,C08,33.59,partially_blocked,none
P0211,C09,48.16,clear,minor
P0212,C00,8.96,clear,none
P0212,C01,2.92,blocked,moderate
P0212,C02,34.67,clear,extreme
P0212,C03,76.05,clear,moderate
P0212,C04,28.1,clear,minor
P0212,C05,7.27,partially_blocked,minor
P0212,C06,25.82,partially_blocked,moderate
P0212,C07,27.77,partially_blocked,moderate
P0212,C08,5.62,blocked,moderate
P0212,C09,8.76,clear,none
P0213,C00,57.43,clear,none
P0213,C01,7.5,clear,none
P0213,C02,14.85,clear,moderate
P0213,C03,37.22,partially_blocked,none
P0213,C04,38.8,clear,minor
P0213,C05,38.53,clear,minor
P0213,C06,57.37,clear,minor
P0213,C07,58.58,blocked,none
P0213,C08,24.86,clear,significant
P0213,C09,10.67,clear,significant
P0214,C00,31.59,blocked,minor
P0214,C01,34.87,clear,moderate
P0214,C02,7.14,partially_blocked,minor
P0214,C03,11.75,partially_blocked,moderate
P0214,C04,46.22,blocked,minor
P0214,C05,25.02,partially_blocked,none
P0214,C06,35.29,clear,none
P0214,C07,24.11,clear,minor
P0214,C08,27.62,partially_blocked,minor
P0214,C09,5.09,clear,moderate
P0215,C00,22.85,clear,moderate
P0215,C01,43.05,clear,moderate
P0215,C02,57.76,partially_blocked,minor
P0215,C03,11.94,clear,minor
P0215,C04,8.47,blocked,moderate
P0215,C05,29.32,clear,none
P0215,C06,22.25,partially_blocked,minor
P0215,C07,17.88,clear,minor
P0215,C08,24.94,clear,none
P0215,C09,18.03,clear,significant
P0216,C00,16.35,blocked,moderate
P0216,C01,15.66,blocked,none
P0216,C02,57.04,partially_blocked,minor
P0216,C03,19.89,blocked,none
P0216,C04,12.8,partially_blocked,minor
P0216,C05,11.13,clear,moderate
P0216,C06,37.31,clear,minor
P0216,C07,19.58,partially_blocked,moderate
P0216,C08,48.03,partially_blocked,moderate
P0216,C09,25.07,blocked,significant
P0217,C00,37.9,clear,none
P0217,C01,18.87,partially_blocked,none
P0217,C02,37.68,blocked,minor
P0217,C03,29.33,partially_blocked,moderate
P0217,C04,35.9,blocked,none
P0217,C05,2.0,blocked,minor
P0217,C06,9.0,clear,moderate
P0217,C07,36.26,partially_blocked,minor
P0217,C08,34.96,blocked,none
P0217,C09,6.1,clear,none
P0218,C00,52.78,clear,minor
P0218,C01,24.71,clear,moderate
P0218,C02,17.81,partially_blocked,minor
P0218,C03,6.26,clear,minor
P0218,C04,29.28,blocked,moderate
P0218,C05,27.44,clear,minor
P0218,C06,16.1,partially_blocked,moderate
P0218,C07,31.34,partially_blocked,minor
P0218,C08,8.63,clear,none
P0218,C09,52.52,clear,moderate
P0219,C00,38.54,partially_blocked,minor
P0219,C01,9.16,partially_blocked,moderate
P0219,C02,52.42,partially_blocked,none
P0219,C03,2.0,clear,moderate
P0219,C04,20.23,partially_blocked,minor
P0219,C05,19.77,clear,significant
P0219,C06,26.71,partially_blocked,minor
P0219,C07,61.28,blocked,minor
P0219,C08,3.84,partially_blocked,moderate
P0219,C09,31.53,clear,moderate
P0220,C00,33.79,clear,moderate
P0220,C01,23.95,blocked,significant
P0220,C02,7.29,partially_blocked,significant
P0220,C03,30.47,blocked,minor
P0220,C04,83.2,partially_blocked,minor
P0220,C05,6.74,blocked,minor
P0220,C06,53.32,partially_blocked,none
P0220,C07,21.58,clear,none
P0220,C08,27.48,partially_blocked,minor
P0220,C09,15.14,clear,minor
P0221,C00,19.4,clear,moderate
P0221,C01,23.29,clear,minor
P0221,C02,27.67,clear,minor
P0221,C03,47.48,clear,none
P0221,C04,22.85,blocked,none
P0221,C05,2.0,clear,extreme
P0221,C06,36.93,blocked,minor
P0221,C07,2.34,clear,none
P0221,C08,38.24,clear,minor
P0221,C09,43.54,clear,significant
P0222,C00,20.45,clear,none
P0222,C01,24.22,blocked,none
P0222,C02,23.84,clear,none
P0222,C03,3.35,clear,significant
P0222,C04,18.09,blocked,minor
P0222,C05,3.35,clear,minor
P0222,C06,9.43,partially_blocked,none
P0222,C07,9.73,partially_blocked,none
P0222,C08,3.09,partially_blocked,none
P0222,C09,84.43,partially_blocked,none
P0223,C00,13.85,clear,moderate
P0223,C01,5.52,clear,minor
P0223,C02,20.06,partially_blocked,none
P0223,C03,20.7,partially_blocked,minor
P0223,C04,32.13,blocked,moderate
P0223,C05,13.95,partially_blocked,none
P0223,C06,9.59,partially_blocked,minor
P0223,C07,29.02,partially_blocked,minor
P0223,C08,64.14,blocked,minor
P0223,C09,10.44,clear,minor
P0224,C00,53.75,clear,minor
P0224,C01,50.35,clear,significant
P0224,C02,19.64,partially_blocked,moderate
P0224,C03,50.36,clear,significant
P0224,C04,2.91,clear,extreme
P0224,C05,12.72,clear,significant
P0224,C06,39.81,partially_blocked,none
P0224,C07,62.94,partially_blocked,none
P0224,C08,37.22,clear,minor
P0224,C09,44.4,blocked,moderate
P0225,C00,8.83,clear,minor
P0225,C01,45.82,blocked,significant
P0225,C02,36.22,blocked,none
P0225,C03,40.61,partially_blocked,minor
P0225,C04,61.23,blocked,minor
P0225,C05,25.11,partially_blocked,none
P0225,C06,6.42,partially_blocked,minor
P0225,C07,8.22,blocked,significant
P0225,C08,10.79,partially_blocked,none
P0225,C09,19.17,clear,minor
P0226,C00,5.74,partially_blocked,minor
P0226,C01,30.38,blocked,none
P0226,C02,39.54,clear,minor
P0226,C03,27.46,partially_blocked,minor
P0226,C04,26.67,blocked,minor
P0226,C05,17.97,clear,minor
P0226,C06,38.31,clear,extreme
P0226,C07,27.98,clear,moderate
P0226,C08,67.43,clear,moderate
P0226,C09,46.78,partially_blocked,moderate
P0227,C00,22.55,clear,none
P0227,C01,37.82,partially_blocked,none
P0227,C02,34.48,clear,significant
P0227,C03,2.0,clear,moderate
P0227,C04,33.05,partially_blocked,moderate
P0227,C05,11.0,blocked,moderate
P0227,C06,2.0,blocked,moderate
P0227,C07,9.46,clear,none
P0227,C08,20.71,partially_blocked,none
P0227,C09,39.06,partially_blocked,minor
P0228,C00,30.96,clear,none
P0228,C01,20.39,partially_blocked,minor
P0228,C02,6.11,blocked,significant
P0228,C03,6.85,clear,none
P0228,C04,22.14,partially_blocked,moderate
P0228,C05,33.57,clear,extreme
P0228,C06,6.35,partially_blocked,extreme
P0228,C07,5.2,clear,minor
P0228,C08,13.57,clear,moderate
P0228,C09,10.99,clear,none
P0229,C00,46.96,partially_blocked,significant
P0229,C01,17.98,clear,none
P0229,C02,28.73,partially_blocked,minor
P0229,C03,8.92,partially_blocked,minor
P0229,C04,19.85,clear,minor
P0229,C05,4.78,clear,minor
P0229,C06,22.84,blocked,minor
P0229,C07,42.04,clear,significant
P0229,C08,46.23,blocked,moderate
P0229,C09,15.64,clear,moderate
P0230,C00,31.85,clear,moderate
P0230,C01,5.63,blocked,none
P0230,C02,20.4,partially_blocked,moderate
P0230,C03,11.02,partially_blocked,moderate
P0230,C04,25.24,partially_blocked,moderate
P0230,C05,30.54,clear,extreme
P0230,C06,21.94,partially_blocked,minor
P0230,C07,32.18,partially_blocked,moderate
P0230,C08,8.86,clear,minor
P0230,C09,38.66,partially_blocked,minor
P0231,C00,6.47,clear,significant
P0231,C01,8.26,clear,minor
P0231,C02,13.0,clear,moderate
P0231,C03,19.79,blocked,significant
P0231,C04,22.79,partially_blocked,moderate
P0231,C05,23.02,partially_blocked,none
P0231,C06,43.78,clear,moderate
P0231,C07,24.03,partially_blocked,minor
P0231,C08,45.87,partially_blocked,significant
P0231,C09,59.86,clear,significant
P0232,C00,32.37,partially_blocked,significant
P0232,C01,38.86,clear,significant
P0232,C02,27.33,partially_blocked,moderate
P0232,C03,27.92,clear,none
P0232,C04,16.22,partially_blocked,moderate
P0232,C05,31.32,partially_blocked,minor
P0232,C06,12.76,partially_blocked,minor
P0232,C07,5.21,partially_blocked,minor
P0232,C08,9.89,partially_blocked,none
P0232,C09,32.11,clear,none
P0233,C00,44.21,blocked,none
P0233,C01,37.05,partially_blocked,none
P0233,C02,19.73,partially_blocked,none
P0233,C03,48.39,partially_blocked,significant
P0233,C04,40.78,clear,minor
P0233,C05,11.7,clear,moderate
P0233,C06,37.11,clear,none
P0233,C07,55.04,partially_blocked,significant
P0233,C08,36.76,clear,none
P0233,C09,17.44,clear,none
P0234,C00,34.38,partially_blocked,minor
P0234,C01,34.54,clear,significant
P0234,C02,35.29,clear,extreme
P0234,C03,38.99,clear,moderate
P0234,C04,33.47,blocked,moderate
P0234,C05,35.87,partially_blocked,none
P0234,C06,4.94,partially_blocked,none
P0234,C07,53.44,partially_blocked,moderate
P0234,C08,25.08,partially_blocked,minor
P0234,C09,58.77,partially_blocked,moderate
P0235,C00,41.72,partially_blocked,none
P0235,C01,14.29,clear,significant
P0235,C02,14.85,clear,none
P0235,C03,21.73,clear,minor
P0235,C04,21.4,clear,moderate
P0235,C05,9.89,clear,minor
P0235,C06,17.99,blocked,significant
P0235,C07,8.39,clear,significant
P0235,C08,35.86,partially_blocked,none
P0235,C09,17.88,clear,minor
P0236,C00,42.79,clear,moderate
P0236,C01,27.1,clear,minor
P0236,C02,22.94,clear,none
P0236,C03,46.78,clear,none
P0236,C04,9.04,clear,minor
P0236,C05,31.77,blocked,none
P0236,C06,34.14,clear,moderate
P0236,C07,34.27,clear,moderate
P0236,C08,57.7,clear,minor
P0236,C09,65.24,blocked,minor
P0237,C00,19.55,partially_blocked,minor
P0237,C01,49.82,partially_blocked,moderate
P0237,C02,44.81,clear,moderate
P0237,C03,57.35,partially_blocked,moderate
P0237,C04,16.53,partially_blocked,moderate
P0237,C05,30.05,partially_blocked,none
P0237,C06,20.3,clear,minor
P0237,C07,17.71,blocked,none
P0237,C08,11.19,partially_blocked,minor
P0237,C09,35.05,blocked,minor
P0238,C00,18.26,clear,minor
P0238,C01,18.22,clear,significant
P0238,C02,31.35,blocked,minor
P0238,C03,22.68,clear,minor
P0238,C04,21.09,clear,significant
P0238,C05,23.84,clear,minor
P0238,C06,11.57,clear,moderate
P0238,C07,27.99,partially_blocked,moderate
P0238,C08,10.58,clear,extreme
P0238,C09,32.81,clear,none
P0239,C00,75.64,blocked,minor
P0239,C01,36.41,clear,none
P0239,C02,7.27,partially_blocked,none
P0239,C03,37.64,partially_blocked,none
P0239,C04,24.91,partially_blocked,significant
P0239,C05,9.62,clear,significant
P0239,C06,12.89,blocked,minor
P0239,C07,20.81,clear,minor
P0239,C08,61.7,clear,minor
P0239,C09,6.66,clear,moderate
P0240,C00,60.85,clear,minor
P0240,C01,52.14,clear,none
P0240,C02,6.35,clear,moderate
P0240,C03,25.18,partially_blocked,none
P0240,C04,60.9,clear,none
P0240,C05,57.52,blocked,moderate
P0240,C06,29.48,clear,moderate
P0240,C07,16.9,partially_blocked,minor
P0240,C08,32.15,clear,none
P0240,C09,33.96,blocked,none
P0241,C00,14.42,partially_blocked,minor
P0241,C01,43.75,clear,significant
P0241,C02,35.96,partially_blocked,none
P0241,C03,38.87,clear,none
P0241,C04,35.13,blocked,minor
P0241,C05,54.61,clear,significant
P0241,C06,24.23,partially_blocked,minor
P0241,C07,52.23,partially_blocked,moderate
P0241,C08,12.79,partially_blocked,significant
P0241,C09,12.53,partially_blocked,none
P0242,C00,32.72,clear,minor
P0242,C01,35.54,clear,minor
P0242,C02,28.13,partially_blocked,none
P0242,C03,7.2,clear,extreme
P0242,C04,8.56,blocked,moderate
P0242,C05,30.06,partially_blocked,minor
P0242,C06,7.1,partially_blocked,significant
P0242,C07,9.65,partially_blocked,significant
P0242,C08,21.33,clear,minor
P0242,C09,7.0,partially_blocked,minor
P0243,C00,4.59,clear,moderate
P0243,C01,16.25,clear,minor
P0243,C02,64.57,clear,significant
P0243,C03,55.36,partially_blocked,none
P0243,C04,2.18,partially_blocked,none
P0243,C05,5.63,clear,moderate
P0243,C06,7.58,clear,moderate
P0243,C07,53.9,partially_blocked,none
P0243,C08,33.5,clear,moderate
P0243,C09,15.71,blocked,minor
P0244,C00,26.6,partially_blocked,none
P0244,C01,6.09,partially_blocked,minor
P0244,C02,9.49,partially_blocked,minor
P0244,C03,33.27,partially_blocked,minor
P0244,C04,28.25,clear,none
P0244,C05,45.01,partially_blocked,significant
P0244,C06,5.7,clear,minor
P0244,C07,29.59,clear,minor
P0244,C08,17.44,partially_blocked,moderate
P0244,C09,17.73,clear,moderate
P0245,C00,15.46,blocked,none
P0245,C01,10.48,clear,moderate
P0245,C02,25.45,blocked,minor
P0245,C03,15.9,partially_blocked,minor
P0245,C04,29.54,clear,none
P0245,C05,12.13,clear,minor
P0245,C06,42.15,clear,none
P0245,C07,27.28,clear,moderate
P0245,C08,14.64,partially_blocked,minor
P0245,C09,52.0,blocked,extreme
P0246,C00,19.37,clear,none
P0246,C01,65.04,blocked,minor
P0246,C02,20.06,partially_blocked,extreme
P0246,C03,54.68,clear,none
P0246,C04,19.63,clear,moderate
P0246,C05,66.51,blocked,minor
P0246,C06,24.29,clear,minor
P0246,C07,45.31,partially_blocked,moderate
P0246,C08,19.59,blocked,extreme
P0246,C09,34.14,partially_blocked,minor
P0247,C00,3.58,clear,significant
P0247,C01,15.13,partially_blocked,moderate
P0247,C02,30.9,clear,moderate
P0247,C03,36.56,partially_blocked,moderate
P0247,C04,50.88,clear,minor
P0247,C05,27.91,clear,minor
P0247,C06,63.71,clear,moderate
P0247,C07,37.26,clear,minor
P0247,C08,26.42,partially_blocked,significant
P0247,C09,15.6,partially_blocked,none
P0248,C00,33.36,partially_blocked,minor
P0248,C01,16.41,clear,none
P0248,C02,12.28,clear,minor
P0248,C03,2.0,partially_blocked,minor
P0248,C04,4.89,clear,significant
P0248,C05,35.21,partially_blocked,minor
P0248,C06,12.04,partially_blocked,none
P0248,C07,16.99,partially_blocked,none
P0248,C08,31.55,clear,none
P0248,C09,31.72,clear,none
P0249,C00,11.16,clear,moderate
P0249,C01,40.44,partially_blocked,moderate
P0249,C02,46.0,partially_blocked,moderate
P0249,C03,4.48,partially_blocked,moderate
P0249,C04,33.83,clear,none
P0249,C05,20.11,clear,moderate
P0249,C06,29.45,clear,minor
P0249,C07,49.33,partially_blocked,extreme
P0249,C08,47.14,partially_blocked,none
P0249,C09,29.57,clear,minor
P0250,C00,35.21,clear,significant
P0250,C01,17.58,clear,moderate
P0250,C02,4.37,clear,extreme
P0250,C03,14.06,partially_blocked,significant
P0250,C04,46.04,partially_blocked,minor
P0250,C05,20.08,partially_blocked,none
P0250,C06,22.37,partially_blocked,minor
P0250,C07,19.93,clear,minor
P0250,C08,28.7,clear,minor
P0250,C09,17.33,blocked,moderate
P0251,C00,20.8,partially_blocked,moderate
P0251,C01,17.41,blocked,minor
P0251,C02,9.76,clear,moderate
P0251,C03,27.84,clear,moderate
P0251,C04,45.37,partially_blocked,none
P0251,C05,22.08,blocked,minor
P0251,C06,26.19,blocked,none
P0251,C07,21.82,partially_blocked,none
P0251,C08,69.2,clear,moderate
P0251,C09,10.71,blocked,none
P0252,C00,52.85,clear,moderate
P0252,C01,66.38,clear,none
P0252,C02,3.93,partially_blocked,none
P0252,C03,21.84,partially_blocked,moderate
P0252,C04,30.25,partially_blocked,none
P0252,C05,37.87,partially_blocked,moderate
P0252,C06,79.19,partially_blocked,extreme
P0252,C07,68.43,partially_blocked,none
P0252,C08,22.27,partially_blocked,moderate
P0252,C09,24.33,partially_blocked,extreme
P0253,C00,35.59,clear,minor
P0253,C01,15.85,partially_blocked,minor
P0253,C02,75.28,partially_blocked,minor
P0253,C03,17.07,partially_blocked,minor
P0253,C04,49.29,partially_blocked,minor
P0253,C05,25.02,blocked,minor
P0253,C06,50.96,clear,significant
P0253,C07,17.7,clear,moderate
P0253,C08,4.48,blocked,significant
P0253,C09,57.28,clear,moderate
P0254,C00,16.95,blocked,moderate
P0254,C01,3.95,clear,none
P0254,C02,11.19,blocked,minor
P0254,C03,29.63,clear,minor
P0254,C04,75.23,blocked,minor
P0254,C05,24.01,clear,significant
P0254,C06,10.56,partially_blocked,minor
P0254,C07,11.13,clear,minor
P0254,C08,29.9,partially_blocked,extreme
P0254,C09,3.72,clear,none
P0255,C00,63.8,clear,significant
P0255,C01,41.86,clear,moderate
P0255,C02,2.4,clear,minor
P0255,C03,39.23,partially_blocked,none
P0255,C04,4.47,clear,moderate
P0255,C05,25.9,partially_blocked,significant
P0255,C06,2.0,clear,none
P0255,C07,23.48,partially_blocked,minor
P0255,C08,16.95,partially_blocked,minor
P0255,C09,10.66,blocked,moderate
P0256,C00,54.24,partially_blocked,moderate
P0256,C01,11.38,blocked,none
P0256,C02,34.97,clear,minor
P0256,C03,28.85,partially_blocked,moderate
P0256,C04,18.12,clear,minor
P0256,C05,4.55,clear,significant
P0256,C06,22.53,partially_blocked,extreme
P0256,C07,43.1,partially_blocked,significant
P0256,C08,22.43,partially_blocked,moderate
P0256,C09,17.74,partially_blocked,none
P0257,C00,52.58,partially_blocked,none
P0257,C01,8.89,partially_blocked,moderate
P0257,C02,28.37,clear,none
P0257,C03,24.73,clear,extreme
P0257,C04,11.02,clear,minor
P0257,C05,11.3,clear,moderate
P0257,C06,45.49,partially_blocked,significant
P0257,C07,19.7,partially_blocked,moderate
P0257,C08,60.05,clear,none
P0257,C09,10.95,partially_blocked,moderate
P0258,C00,55.82,partially_blocked,significant
P0258,C01,4.06,clear,moderate
P0258,C02,2.74,clear,significant
P0258,C03,8.47,clear,none
P0258,C04,21.47,partially_blocked,minor
P0258,C05,9.37,clear,moderate
P0258,C06,54.04,clear,none
P0258,C07,6.6,clear,minor
P0258,C08,20.62,partially_blocked,moderate
P0258,C09,2.0,clear,none
P0259,C00,18.36,clear,extreme
P0259,C01,3.23,partially_blocked,significant
P0259,C02,64.86,blocked,none
P0259,C03,22.0,partially_blocked,minor
P0259,C04,37.11,partially_blocked,moderate
P0259,C05,32.06,clear,moderate
P0259,C06,54.95,partially_blocked,moderate
P0259,C07,22.41,clear,none
P0259,C08,23.29,partially_blocked,minor
P0259,C09,10.19,clear,none
P0260,C00,43.06,clear,none
P0260,C01,19.31,blocked,moderate
P0260,C02,55.78,clear,moderate
P0260,C03,25.77,partially_blocked,moderate
P0260,C04,15.4,blocked,significant
P0260,C05,26.37,clear,moderate
P0260,C06,28.25,clear,none
P0260,C07,42.74,clear,minor
P0260,C08,16.08,clear,moderate
P0260,C09,5.07,blocked,minor
P0261,C00,40.79,partially_blocked,none
P0261,C01,4.86,clear,moderate
P0261,C02,18.49,clear,minor
P0261,C03,30.79,blocked,none
P0261,C04,49.6,partially_blocked,moderate
P0261,C05,20.63,partially_blocked,none
P0261,C06,43.13,partially_blocked,minor
P0261,C07,35.64,clear,none
P0261,C08,48.06,partially_blocked,moderate
P0261,C09,15.4,clear,significant
P0262,C00,34.66,clear,moderate
P0262,C01,24.0,clear,none
P0262,C02,49.57,partially_blocked,none
P0262,C03,57.21,partially_blocked,none
P0262,C04,34.55,clear,extreme
P0262,C05,26.19,partially_blocked,moderate
P0262,C06,39.0,clear,extreme
P0262,C07,3.63,blocked,none
P0262,C08,5.86,partially_blocked,minor
P0262,C09,15.71,clear,moderate
P0263,C00,25.83,partially_blocked,moderate
P0263,C01,59.04,clear,moderate
P0263,C02,5.83,partially_blocked,none
P0263,C03,9.12,clear,moderate
P0263,C04,16.65,clear,moderate
P0263,C05,14.1,partially_blocked,minor
P0263,C06,19.9,partially_blocked,significant
P0263,C07,9.05,clear,moderate
P0263,C08,18.71,blocked,significant
P0263,C09,26.53,blocked,minor
P0264,C00,5.21,clear,none
P0264,C01,45.34,clear,none
P0264,C02,50.05,partially_blocked,moderate
P0264,C03,3.39,clear,significant
P0264,C04,28.91,clear,moderate
P0264,C05,9.6,partially_blocked,minor
P0264,C06,19.76,partially_blocked,moderate
P0264,C07,7.9,partially_blocked,none
P0264,C08,38.22,partially_blocked,significant
P0264,C09,21.83,clear,none
P0265,C00,8.3,clear,none
P0265,C01,37.89,clear,none
P0265,C02,28.95,blocked,significant
P0265,C03,13.25,partially_blocked,minor
P0265,C04,51.56,partially_blocked,moderate
P0265,C05,26.23,clear,none
P0265,C06,50.88,clear,minor
P0265,C07,37.54,partially_blocked,moderate
P0265,C08,40.99,clear,none
P0265,C09,6.78,partially_blocked,none
P0266,C00,16.15,blocked,significant
P0266,C01,10.0,clear,significant
P0266,C02,29.77,clear,none
P0266,C03,13.09,partially_blocked,significant
P0266,C04,33.91,clear,significant
P0266,C05,26.47,partially_blocked,extreme
P0266,C06,49.2,partially_blocked,moderate
P0266,C07,28.42,clear,moderate
P0266,C08,56.58,clear,moderate
P0266,C09,2.0,clear,moderate
P0267,C00,22.08,blocked,none
P0267,C01,63.98,blocked,none
P0267,C02,14.71,partially_blocked,none
P0267,C03,60.05,clear,moderate
P0267,C04,19.83,partially_blocked,minor
P0267,C05,30.37,partially_blocked,none
P0267,C06,60.86,clear,moderate
P0267,C07,55.08,partially_blocked,extreme
P0267,C08,29.08,partially_blocked,none
P0267,C09,17.78,clear,minor
P0268,C00,34.26,clear,minor
P0268,C01,41.46,clear,minor
P0268,C02,11.06,partially_blocked,moderate
P0268,C03,6.16,clear,minor
P0268,C04,55.43,clear,minor
P0268,C05,51.16,clear,minor
P0268,C06,10.28,clear,minor
P0268,C07,14.06,clear,none
P0268,C08,24.81,partially_blocked,significant
P0268,C09,56.79,clear,minor
P0269,C00,46.58,clear,significant
P0269,C01,44.26,blocked,none
P0269,C02,5.53,clear,minor
P0269,C03,15.37,blocked,none
P0269,C04,20.67,partially_blocked,none
P0269,C05,42.61,partially_blocked,minor
P0269,C06,24.95,blocked,minor
P0269,C07,22.03,clear,none
P0269,C08,29.63,clear,significant
P0269,C09,8.5,clear,minor
P0270,C00,39.11,clear,none
P0270,C01,15.17,partially_blocked,significant
P0270,C02,42.27,partially_blocked,minor
P0270,C03,23.3,clear,moderate
P0270,C04,10.87,partially_blocked,minor
P0270,C05,18.72,partially_blocked,significant
P0270,C06,59.07,clear,moderate
P0270,C07,9.44,clear,minor
P0270,C08,3.82,clear,none
P0270,C09,43.86,clear,moderate
P0271,C00,23.66,blocked,moderate
P0271,C01,16.19,partially_blocked,none
P0271,C02,10.03,partially_blocked,significant
P0271,C03,3.89,clear,extreme
P0271,C04,43.88,clear,minor
P0271,C05,11.6,partially_blocked,moderate
P0271,C06,30.34,clear,none
P0271,C07,25.14,clear,moderate
P0271,C08,16.32,clear,minor
P0271,C09,10.42,clear,moderate
P0272,C00,7.02,partially_blocked,none
P0272,C01,14.14,clear,minor
P0272,C02,27.48,partially_blocked,minor
P0272,C03,23.85,partially_blocked,minor
P0272,C04,32.58,partially_blocked,significant
P0272,C05,20.47,blocked,moderate
P0272,C06,32.58,clear,moderate
P0272,C07,2.33,partially_blocked,significant
P0272,C08,10.35,partially_blocked,none
P0272,C09,49.05,partially_blocked,moderate
P0273,C00,19.95,clear,moderate
P0273,C01,11.63,clear,minor
P0273,C02,51.68,clear,moderate
P0273,C03,16.11,clear,moderate
P0273,C04,33.81,partially_blocked,minor
P0273,C05,16.19,blocked,minor
P0273,C06,18.46,clear,minor
P0273,C07,40.92,clear,none
P0273,C08,53.86,partially_blocked,minor
P0273,C09,30.01,partially_blocked,none
P0274,C00,36.39,clear,none
P0274,C01,12.99,clear,significant
P0274,C02,8.24,clear,none
P0274,C03,46.56,partially_blocked,minor
P0274,C04,40.59,clear,none
P0274,C05,17.29,clear,none
P0274,C06,29.18,partially_blocked,none
P0274,C07,27.26,clear,minor
P0274,C08,21.68,clear,minor
P0274,C09,73.72,partially_blocked,none
P0275,C00,60.69,partially_blocked,significant
P0275,C01,14.17,blocked,none
P0275,C02,36.01,clear,minor
P0275,C03,46.23,blocked,none
P0275,C04,39.25,partially_blocked,minor
P0275,C05,25.11,clear,minor
P0275,C06,28.47,blocked,none
P0275,C07,35.66,partially_blocked,none
P0275,C08,54.67,partially_blocked,moderate
P0275,C09,20.04,partially_blocked,none
P0276,C00,22.87,clear,none
P0276,C01,62.09,blocked,extreme
P0276,C02,35.62,clear,minor
P0276,C03,24.54,partially_blocked,moderate
P0276,C04,11.78,clear,moderate
P0276,C05,39.11,partially_blocked,extreme
P0276,C06,38.5,clear,none
P0276,C07,13.03,partially_blocked,extreme
P0276,C08,66.92,partially_blocked,minor
P0276,C09,5.59,partially_blocked,moderate
P0277,C00,50.48,blocked,moderate
P0277,C01,22.08,partially_blocked,moderate
P0277,C02,28.99,clear,moderate
P0277,C03,40.82,blocked,minor
P0277,C04,45.61,partially_blocked,extreme
P0277,C05,3.86,clear,minor
P0277,C06,38.43,clear,minor
P0277,C07,23.2,clear,minor
P0277,C08,41.55,partially_blocked,significant
P0277,C09,34.54,partially_blocked,moderate
P0278,C00,34.02,clear,none
P0278,C01,34.72,partially_blocked,moderate
P0278,C02,20.2,clear,minor
P0278,C03,2.0,blocked,significant
P0278,C04,20.75,partially_blocked,significant
P0278,C05,4.29,clear,minor
P0278,C06,41.03,partially_blocked,minor
P0278,C07,38.28,partially_blocked,minor
P0278,C08,47.35,clear,moderate
P0278,C09,37.33,blocked,none
P0279,C00,33.06,partially_blocked,none
P0279,C01,37.01,clear,none
P0279,C02,5.44,clear,moderate
P0279,C03,24.05,partially_blocked,minor
P0279,C04,25.91,clear,significant
P0279,C05,17.83,partially_blocked,none
P0279,C06,12.92,partially_blocked,none
P0279,C07,17.72,clear,minor
P0279,C08,7.03,blocked,minor
P0279,C09,19.69,partially_blocked,minor
P0280,C00,20.81,clear,minor
P0280,C01,37.49,clear,none
P0280,C02,6.96,partially_blocked,moderate
P0280,C03,30.79,clear,moderate
P0280,C04,49.16,blocked,significant
P0280,C05,15.75,clear,none
P0280,C06,24.69,clear,minor
P0280,C07,59.01,clear,moderate
P0280,C08,11.34,partially_blocked,minor
P0280,C09,19.51,partially_blocked,minor
P0281,C00,5.35,partially_blocked,moderate
P0281,C01,50.87,clear,none
P0281,C02,38.04,clear,significant
P0281,C03,29.0,clear,none
P0281,C04,42.76,partially_blocked,none
P0281,C05,34.34,blocked,none
P0281,C06,28.98,partially_blocked,none
P0281,C07,34.43,clear,none
P0281,C08,66.08,partially_blocked,minor
P0281,C09,24.8,partially_blocked,none
P0282,C00,49.18,partially_blocked,minor
P0282,C01,64.74,partially_blocked,significant
P0282,C02,54.61,blocked,minor
P0282,C03,6.14,partially_blocked,minor
P0282,C04,15.46,partially_blocked,moderate
P0282,C05,53.54,partially_blocked,moderate
P0282,C06,18.12,clear,moderate
P0282,C07,20.62,partially_blocked,none
P0282,C08,7.54,clear,moderate
P0282,C09,33.86,clear,minor
P0283,C00,36.89,clear,minor
P0283,C01,4.49,partially_blocked,none
P0283,C02,20.66,clear,minor
P0283,C03,62.58,blocked,significant
P0283,C04,47.54,clear,none
P0283,C05,20.46,clear,moderate
P0283,C06,62.78,clear,moderate
P0283,C07,25.15,partially_blocked,moderate
P0283,C08,29.86,clear,none
P0283,C09,9.16,clear,none
P0284,C00,3.04,blocked,none
P0284,C01,11.05,partially_blocked,minor
P0284,C02,20.43,clear,moderate
P0284,C03,65.13,clear,minor
P0284,C04,28.22,clear,none
P0284,C05,18.0,clear,minor
P0284,C06,36.5,blocked,moderate
P0284,C07,35.08,clear,moderate
P0284,C08,72.03,clear,significant
P0284,C09,10.87,partially_blocked,minor
P0285,C00,31.51,blocked,moderate
P0285,C01,14.89,partially_blocked,minor
P0285,C02,42.2,blocked,moderate
P0285,C03,25.96,partially_blocked,none
P0285,C04,8.72,partially_blocked,moderate
P0285,C05,33.65,partially_blocked,none
P0285,C06,10.78,clear,moderate
P0285,C07,30.14,blocked,significant
P0285,C08,19.29,partially_blocked,moderate
P0285,C09,79.91,blocked,none
P0286,C00,17.47,clear,moderate
P0286,C01,15.47,blocked,moderate
P0286,C02,9.75,clear,none
P0286,C03,45.94,partially_blocked,significant
P0286,C04,31.13,blocked,significant
P0286,C05,30.21,clear,minor
P0286,C06,38.39,partially_blocked,moderate
P0286,C07,36.19,partially_blocked,none
P0286,C08,23.4,partially_blocked,none
P0286,C09,15.55,clear,none
P0287,C00,11.69,blocked,minor
P0287,C01,19.17,clear,significant
P0287,C02,41.61,blocked,moderate
P0287,C03,43.83,partially_blocked,minor
P0287,C04,2.0,blocked,none
P0287,C05,37.54,clear,moderate
P0287,C06,30.56,clear,none
P0287,C07,8.91,clear,minor
P0287,C08,3.44,blocked,moderate
P0287,C09,40.32,clear,minor
P0288,C00,14.74,clear,moderate
P0288,C01,47.73,clear,moderate
P0288,C02,6.23,partially_blocked,minor
P0288,C03,5.82,clear,minor
P0288,C04,43.49,clear,moderate
P0288,C05,58.67,partially_blocked,minor
P0288,C06,22.3,clear,none
P0288,C07,4.89,partially_blocked,moderate
P0288,C08,16.01,clear,extreme
P0288,C09,24.46,partially_blocked,extreme
P0289,C00,24.84,clear,moderate
P0289,C01,26.14,partially_blocked,minor
P0289,C02,4.5,partially_blocked,minor
P0289,C03,10.06,clear,minor
P0289,C04,16.74,clear,moderate
P0289,C05,39.46,blocked,moderate
P0289,C06,22.95,partially_blocked,moderate
P0289,C07,4.57,clear,none
P0289,C08,8.43,clear,none
P0289,C09,49.74,clear,moderate
P0290,C00,18.36,clear,none
P0290,C01,6.65,clear,significant
P0290,C02,3.35,partially_blocked,none
P0290,C03,41.2,partially_blocked,moderate
P0290,C04,24.05,partially_blocked,moderate
P0290,C05,41.3,clear,minor
P0290,C06,51.6,partially_blocked,moderate
P0290,C07,43.94,clear,significant
P0290,C08,21.34,clear,none
P0290,C09,52.17,clear,minor
P0291,C00,42.89,partially_blocked,moderate
P0291,C01,26.03,partially_blocked,moderate
P0291,C02,30.51,clear,extreme
P0291,C03,12.96,clear,minor
P0291,C04,3.08,clear,none
P0291,C05,57.58,clear,extreme
P0291,C06,20.35,partially_blocked,extreme
P0291,C07,32.47,blocked,moderate
P0291,C08,22.51,blocked,moderate
P0291,C09,8.74,partially_blocked,moderate
P0292,C00,22.62,clear,none
P0292,C01,9.16,clear,minor
P0292,C02,59.07,partially_blocked,none
P0292,C03,7.15,clear,moderate
P0292,C04,6.27,clear,moderate
P0292,C05,15.66,blocked,none
P0292,C06,21.29,clear,moderate
P0292,C07,4.86,clear,minor
P0292,C08,58.63,clear,none
P0292,C09,7.36,partially_blocked,minor
P0293,C00,38.57,clear,significant
P0293,C01,7.78,partially_blocked,none
P0293,C02,35.34,clear,minor
P0293,C03,23.36,blocked,moderate
P0293,C04,27.01,partially_blocked,none
P0293,C05,14.96,clear,minor
P0293,C06,27.72,partially_blocked,none
P0293,C07,34.75,blocked,moderate
P0293,C08,18.6,clear,moderate
P0293,C09,32.84,blocked,moderate
P0294,C00,23.03,partially_blocked,minor
P0294,C01,11.51,partially_blocked,none
P0294,C02,27.83,partially_blocked,moderate
P0294,C03,7.69,blocked,minor
P0294,C04,27.35,partially_blocked,minor
P0294,C05,3.78,blocked,minor
P0294,C06,26.31,clear,minor
P0294,C07,13.4,clear,minor
P0294,C08,16.78,partially_blocked,moderate
P0294,C09,21.06,partially_blocked,none
P0295,C00,14.75,clear,none
P0295,C01,20.16,clear,none
P0295,C02,27.2,blocked,none
P0295,C03,5.05,clear,none
P0295,C04,10.55,partially_blocked,extreme
P0295,C05,36.7,partially_blocked,moderate
P0295,C06,5.08,blocked,significant
P0295,C07,60.52,partially_blocked,extreme
P0295,C08,7.62,clear,none
P0295,C09,5.84,partially_blocked,minor
P0296,C00,19.67,blocked,none
P0296,C01,14.02,clear,minor
P0296,C02,20.42,clear,moderate
P0296,C03,3.73,clear,minor
P0296,C04,6.22,clear,moderate
P0296,C05,65.09,partially_blocked,none
P0296,C06,24.0,clear,extreme
P0296,C07,9.89,blocked,none
P0296,C08,56.64,blocked,none
P0296,C09,13.87,clear,significant
P0297,C00,53.51,partially_blocked,significant
P0297,C01,42.69,partially_blocked,minor
P0297,C02,22.51,blocked,minor
P0297,C03,2.44,partially_blocked,none
P0297,C04,9.48,blocked,significant
P0297,C05,13.24,partially_blocked,moderate
P0297,C06,11.41,partially_blocked,minor
P0297,C07,16.1,partially_blocked,none
P0297,C08,39.32,clear,significant
P0297,C09,27.14,clear,moderate
P0298,C00,27.14,clear,none
P0298,C01,17.61,clear,moderate
P0298,C02,23.51,partially_blocked,extreme
P0298,C03,8.36,clear,minor
P0298,C04,22.0,partially_blocked,none
P0298,C05,48.94,blocked,moderate
P0298,C06,21.37,clear,significant
P0298,C07,27.64,clear,extreme
P0298,C08,19.43,clear,moderate
P0298,C09,42.01,partially_blocked,none
P0299,C00,30.6,clear,significant
P0299,C01,49.68,blocked,minor
P0299,C02,5.18,partially_blocked,none
P0299,C03,7.89,partially_blocked,minor
P0299,C04,12.94,blocked,moderate
P0299,C05,5.13,clear,minor
P0299,C06,17.96,clear,minor
P0299,C07,3.74,partially_blocked,moderate
P0299,C08,16.32,clear,extreme
P0299,C09,20.1,clear,none
